-- phpMyAdmin SQL Dump
-- version 5.2.0
-- https://www.phpmyadmin.net/
--
-- Host: 127.0.0.1
-- Generation Time: Oct 17, 2022 at 06:24 PM
-- Server version: 10.4.24-MariaDB
-- PHP Version: 7.4.29

SET SQL_MODE = "NO_AUTO_VALUE_ON_ZERO";
START TRANSACTION;
SET time_zone = "+00:00";


/*!40101 SET @OLD_CHARACTER_SET_CLIENT=@@CHARACTER_SET_CLIENT */;
/*!40101 SET @OLD_CHARACTER_SET_RESULTS=@@CHARACTER_SET_RESULTS */;
/*!40101 SET @OLD_COLLATION_CONNECTION=@@COLLATION_CONNECTION */;
/*!40101 SET NAMES utf8mb4 */;

--
-- Database: `epora`
--

-- --------------------------------------------------------

--
-- Table structure for table `wp_eporacommentmeta`
--

CREATE TABLE `wp_eporacommentmeta` (
  `meta_id` bigint(20) UNSIGNED NOT NULL,
  `comment_id` bigint(20) UNSIGNED NOT NULL DEFAULT 0,
  `meta_key` varchar(255) COLLATE utf8mb4_unicode_ci DEFAULT NULL,
  `meta_value` longtext COLLATE utf8mb4_unicode_ci DEFAULT NULL
) ENGINE=InnoDB DEFAULT CHARSET=utf8mb4 COLLATE=utf8mb4_unicode_ci;

-- --------------------------------------------------------

--
-- Table structure for table `wp_eporacomments`
--

CREATE TABLE `wp_eporacomments` (
  `comment_ID` bigint(20) UNSIGNED NOT NULL,
  `comment_post_ID` bigint(20) UNSIGNED NOT NULL DEFAULT 0,
  `comment_author` tinytext COLLATE utf8mb4_unicode_ci NOT NULL,
  `comment_author_email` varchar(100) COLLATE utf8mb4_unicode_ci NOT NULL DEFAULT '',
  `comment_author_url` varchar(200) COLLATE utf8mb4_unicode_ci NOT NULL DEFAULT '',
  `comment_author_IP` varchar(100) COLLATE utf8mb4_unicode_ci NOT NULL DEFAULT '',
  `comment_date` datetime NOT NULL DEFAULT '0000-00-00 00:00:00',
  `comment_date_gmt` datetime NOT NULL DEFAULT '0000-00-00 00:00:00',
  `comment_content` text COLLATE utf8mb4_unicode_ci NOT NULL,
  `comment_karma` int(11) NOT NULL DEFAULT 0,
  `comment_approved` varchar(20) COLLATE utf8mb4_unicode_ci NOT NULL DEFAULT '1',
  `comment_agent` varchar(255) COLLATE utf8mb4_unicode_ci NOT NULL DEFAULT '',
  `comment_type` varchar(20) COLLATE utf8mb4_unicode_ci NOT NULL DEFAULT 'comment',
  `comment_parent` bigint(20) UNSIGNED NOT NULL DEFAULT 0,
  `user_id` bigint(20) UNSIGNED NOT NULL DEFAULT 0
) ENGINE=InnoDB DEFAULT CHARSET=utf8mb4 COLLATE=utf8mb4_unicode_ci;

--
-- Dumping data for table `wp_eporacomments`
--

INSERT INTO `wp_eporacomments` (`comment_ID`, `comment_post_ID`, `comment_author`, `comment_author_email`, `comment_author_url`, `comment_author_IP`, `comment_date`, `comment_date_gmt`, `comment_content`, `comment_karma`, `comment_approved`, `comment_agent`, `comment_type`, `comment_parent`, `user_id`) VALUES
(1, 1, 'A WordPress Commenter', 'wapuu@wordpress.example', 'https://wordpress.org/', '', '2022-10-13 12:36:39', '2022-10-13 12:36:39', 'Hi, this is a comment.\nTo get started with moderating, editing, and deleting comments, please visit the Comments screen in the dashboard.\nCommenter avatars come from <a href=\"https://en.gravatar.com/\">Gravatar</a>.', 0, '1', '', 'comment', 0, 0);

-- --------------------------------------------------------

--
-- Table structure for table `wp_eporalinks`
--

CREATE TABLE `wp_eporalinks` (
  `link_id` bigint(20) UNSIGNED NOT NULL,
  `link_url` varchar(255) COLLATE utf8mb4_unicode_ci NOT NULL DEFAULT '',
  `link_name` varchar(255) COLLATE utf8mb4_unicode_ci NOT NULL DEFAULT '',
  `link_image` varchar(255) COLLATE utf8mb4_unicode_ci NOT NULL DEFAULT '',
  `link_target` varchar(25) COLLATE utf8mb4_unicode_ci NOT NULL DEFAULT '',
  `link_description` varchar(255) COLLATE utf8mb4_unicode_ci NOT NULL DEFAULT '',
  `link_visible` varchar(20) COLLATE utf8mb4_unicode_ci NOT NULL DEFAULT 'Y',
  `link_owner` bigint(20) UNSIGNED NOT NULL DEFAULT 1,
  `link_rating` int(11) NOT NULL DEFAULT 0,
  `link_updated` datetime NOT NULL DEFAULT '0000-00-00 00:00:00',
  `link_rel` varchar(255) COLLATE utf8mb4_unicode_ci NOT NULL DEFAULT '',
  `link_notes` mediumtext COLLATE utf8mb4_unicode_ci NOT NULL,
  `link_rss` varchar(255) COLLATE utf8mb4_unicode_ci NOT NULL DEFAULT ''
) ENGINE=InnoDB DEFAULT CHARSET=utf8mb4 COLLATE=utf8mb4_unicode_ci;

-- --------------------------------------------------------

--
-- Table structure for table `wp_eporaoptions`
--

CREATE TABLE `wp_eporaoptions` (
  `option_id` bigint(20) UNSIGNED NOT NULL,
  `option_name` varchar(191) COLLATE utf8mb4_unicode_ci NOT NULL DEFAULT '',
  `option_value` longtext COLLATE utf8mb4_unicode_ci NOT NULL,
  `autoload` varchar(20) COLLATE utf8mb4_unicode_ci NOT NULL DEFAULT 'yes'
) ENGINE=InnoDB DEFAULT CHARSET=utf8mb4 COLLATE=utf8mb4_unicode_ci;

--
-- Dumping data for table `wp_eporaoptions`
--

INSERT INTO `wp_eporaoptions` (`option_id`, `option_name`, `option_value`, `autoload`) VALUES
(1, 'siteurl', 'http://localhost/wordpress_theme_plugin_dev/epora', 'yes'),
(2, 'home', 'http://localhost/wordpress_theme_plugin_dev/epora', 'yes'),
(3, 'blogname', 'epora', 'yes'),
(4, 'blogdescription', 'Just another WordPress site', 'yes'),
(5, 'users_can_register', '0', 'yes'),
(6, 'admin_email', 'jannatflowersweb@gmail.com', 'yes'),
(7, 'start_of_week', '1', 'yes'),
(8, 'use_balanceTags', '0', 'yes'),
(9, 'use_smilies', '1', 'yes'),
(10, 'require_name_email', '1', 'yes'),
(11, 'comments_notify', '1', 'yes'),
(12, 'posts_per_rss', '10', 'yes'),
(13, 'rss_use_excerpt', '0', 'yes'),
(14, 'mailserver_url', 'mail.example.com', 'yes'),
(15, 'mailserver_login', 'login@example.com', 'yes'),
(16, 'mailserver_pass', 'password', 'yes'),
(17, 'mailserver_port', '110', 'yes'),
(18, 'default_category', '1', 'yes'),
(19, 'default_comment_status', 'open', 'yes'),
(20, 'default_ping_status', 'open', 'yes'),
(21, 'default_pingback_flag', '0', 'yes'),
(22, 'posts_per_page', '10', 'yes'),
(23, 'date_format', 'F j, Y', 'yes'),
(24, 'time_format', 'g:i a', 'yes'),
(25, 'links_updated_date_format', 'F j, Y g:i a', 'yes'),
(26, 'comment_moderation', '0', 'yes'),
(27, 'moderation_notify', '1', 'yes'),
(28, 'permalink_structure', '/%year%/%monthnum%/%day%/%postname%/', 'yes'),
(29, 'rewrite_rules', 'a:94:{s:11:\"^wp-json/?$\";s:22:\"index.php?rest_route=/\";s:14:\"^wp-json/(.*)?\";s:33:\"index.php?rest_route=/$matches[1]\";s:21:\"^index.php/wp-json/?$\";s:22:\"index.php?rest_route=/\";s:24:\"^index.php/wp-json/(.*)?\";s:33:\"index.php?rest_route=/$matches[1]\";s:17:\"^wp-sitemap\\.xml$\";s:23:\"index.php?sitemap=index\";s:17:\"^wp-sitemap\\.xsl$\";s:36:\"index.php?sitemap-stylesheet=sitemap\";s:23:\"^wp-sitemap-index\\.xsl$\";s:34:\"index.php?sitemap-stylesheet=index\";s:48:\"^wp-sitemap-([a-z]+?)-([a-z\\d_-]+?)-(\\d+?)\\.xml$\";s:75:\"index.php?sitemap=$matches[1]&sitemap-subtype=$matches[2]&paged=$matches[3]\";s:34:\"^wp-sitemap-([a-z]+?)-(\\d+?)\\.xml$\";s:47:\"index.php?sitemap=$matches[1]&paged=$matches[2]\";s:47:\"category/(.+?)/feed/(feed|rdf|rss|rss2|atom)/?$\";s:52:\"index.php?category_name=$matches[1]&feed=$matches[2]\";s:42:\"category/(.+?)/(feed|rdf|rss|rss2|atom)/?$\";s:52:\"index.php?category_name=$matches[1]&feed=$matches[2]\";s:23:\"category/(.+?)/embed/?$\";s:46:\"index.php?category_name=$matches[1]&embed=true\";s:35:\"category/(.+?)/page/?([0-9]{1,})/?$\";s:53:\"index.php?category_name=$matches[1]&paged=$matches[2]\";s:17:\"category/(.+?)/?$\";s:35:\"index.php?category_name=$matches[1]\";s:44:\"tag/([^/]+)/feed/(feed|rdf|rss|rss2|atom)/?$\";s:42:\"index.php?tag=$matches[1]&feed=$matches[2]\";s:39:\"tag/([^/]+)/(feed|rdf|rss|rss2|atom)/?$\";s:42:\"index.php?tag=$matches[1]&feed=$matches[2]\";s:20:\"tag/([^/]+)/embed/?$\";s:36:\"index.php?tag=$matches[1]&embed=true\";s:32:\"tag/([^/]+)/page/?([0-9]{1,})/?$\";s:43:\"index.php?tag=$matches[1]&paged=$matches[2]\";s:14:\"tag/([^/]+)/?$\";s:25:\"index.php?tag=$matches[1]\";s:45:\"type/([^/]+)/feed/(feed|rdf|rss|rss2|atom)/?$\";s:50:\"index.php?post_format=$matches[1]&feed=$matches[2]\";s:40:\"type/([^/]+)/(feed|rdf|rss|rss2|atom)/?$\";s:50:\"index.php?post_format=$matches[1]&feed=$matches[2]\";s:21:\"type/([^/]+)/embed/?$\";s:44:\"index.php?post_format=$matches[1]&embed=true\";s:33:\"type/([^/]+)/page/?([0-9]{1,})/?$\";s:51:\"index.php?post_format=$matches[1]&paged=$matches[2]\";s:15:\"type/([^/]+)/?$\";s:33:\"index.php?post_format=$matches[1]\";s:48:\".*wp-(atom|rdf|rss|rss2|feed|commentsrss2)\\.php$\";s:18:\"index.php?feed=old\";s:20:\".*wp-app\\.php(/.*)?$\";s:19:\"index.php?error=403\";s:18:\".*wp-register.php$\";s:23:\"index.php?register=true\";s:32:\"feed/(feed|rdf|rss|rss2|atom)/?$\";s:27:\"index.php?&feed=$matches[1]\";s:27:\"(feed|rdf|rss|rss2|atom)/?$\";s:27:\"index.php?&feed=$matches[1]\";s:8:\"embed/?$\";s:21:\"index.php?&embed=true\";s:20:\"page/?([0-9]{1,})/?$\";s:28:\"index.php?&paged=$matches[1]\";s:41:\"comments/feed/(feed|rdf|rss|rss2|atom)/?$\";s:42:\"index.php?&feed=$matches[1]&withcomments=1\";s:36:\"comments/(feed|rdf|rss|rss2|atom)/?$\";s:42:\"index.php?&feed=$matches[1]&withcomments=1\";s:17:\"comments/embed/?$\";s:21:\"index.php?&embed=true\";s:44:\"search/(.+)/feed/(feed|rdf|rss|rss2|atom)/?$\";s:40:\"index.php?s=$matches[1]&feed=$matches[2]\";s:39:\"search/(.+)/(feed|rdf|rss|rss2|atom)/?$\";s:40:\"index.php?s=$matches[1]&feed=$matches[2]\";s:20:\"search/(.+)/embed/?$\";s:34:\"index.php?s=$matches[1]&embed=true\";s:32:\"search/(.+)/page/?([0-9]{1,})/?$\";s:41:\"index.php?s=$matches[1]&paged=$matches[2]\";s:14:\"search/(.+)/?$\";s:23:\"index.php?s=$matches[1]\";s:47:\"author/([^/]+)/feed/(feed|rdf|rss|rss2|atom)/?$\";s:50:\"index.php?author_name=$matches[1]&feed=$matches[2]\";s:42:\"author/([^/]+)/(feed|rdf|rss|rss2|atom)/?$\";s:50:\"index.php?author_name=$matches[1]&feed=$matches[2]\";s:23:\"author/([^/]+)/embed/?$\";s:44:\"index.php?author_name=$matches[1]&embed=true\";s:35:\"author/([^/]+)/page/?([0-9]{1,})/?$\";s:51:\"index.php?author_name=$matches[1]&paged=$matches[2]\";s:17:\"author/([^/]+)/?$\";s:33:\"index.php?author_name=$matches[1]\";s:69:\"([0-9]{4})/([0-9]{1,2})/([0-9]{1,2})/feed/(feed|rdf|rss|rss2|atom)/?$\";s:80:\"index.php?year=$matches[1]&monthnum=$matches[2]&day=$matches[3]&feed=$matches[4]\";s:64:\"([0-9]{4})/([0-9]{1,2})/([0-9]{1,2})/(feed|rdf|rss|rss2|atom)/?$\";s:80:\"index.php?year=$matches[1]&monthnum=$matches[2]&day=$matches[3]&feed=$matches[4]\";s:45:\"([0-9]{4})/([0-9]{1,2})/([0-9]{1,2})/embed/?$\";s:74:\"index.php?year=$matches[1]&monthnum=$matches[2]&day=$matches[3]&embed=true\";s:57:\"([0-9]{4})/([0-9]{1,2})/([0-9]{1,2})/page/?([0-9]{1,})/?$\";s:81:\"index.php?year=$matches[1]&monthnum=$matches[2]&day=$matches[3]&paged=$matches[4]\";s:39:\"([0-9]{4})/([0-9]{1,2})/([0-9]{1,2})/?$\";s:63:\"index.php?year=$matches[1]&monthnum=$matches[2]&day=$matches[3]\";s:56:\"([0-9]{4})/([0-9]{1,2})/feed/(feed|rdf|rss|rss2|atom)/?$\";s:64:\"index.php?year=$matches[1]&monthnum=$matches[2]&feed=$matches[3]\";s:51:\"([0-9]{4})/([0-9]{1,2})/(feed|rdf|rss|rss2|atom)/?$\";s:64:\"index.php?year=$matches[1]&monthnum=$matches[2]&feed=$matches[3]\";s:32:\"([0-9]{4})/([0-9]{1,2})/embed/?$\";s:58:\"index.php?year=$matches[1]&monthnum=$matches[2]&embed=true\";s:44:\"([0-9]{4})/([0-9]{1,2})/page/?([0-9]{1,})/?$\";s:65:\"index.php?year=$matches[1]&monthnum=$matches[2]&paged=$matches[3]\";s:26:\"([0-9]{4})/([0-9]{1,2})/?$\";s:47:\"index.php?year=$matches[1]&monthnum=$matches[2]\";s:43:\"([0-9]{4})/feed/(feed|rdf|rss|rss2|atom)/?$\";s:43:\"index.php?year=$matches[1]&feed=$matches[2]\";s:38:\"([0-9]{4})/(feed|rdf|rss|rss2|atom)/?$\";s:43:\"index.php?year=$matches[1]&feed=$matches[2]\";s:19:\"([0-9]{4})/embed/?$\";s:37:\"index.php?year=$matches[1]&embed=true\";s:31:\"([0-9]{4})/page/?([0-9]{1,})/?$\";s:44:\"index.php?year=$matches[1]&paged=$matches[2]\";s:13:\"([0-9]{4})/?$\";s:26:\"index.php?year=$matches[1]\";s:58:\"[0-9]{4}/[0-9]{1,2}/[0-9]{1,2}/[^/]+/attachment/([^/]+)/?$\";s:32:\"index.php?attachment=$matches[1]\";s:68:\"[0-9]{4}/[0-9]{1,2}/[0-9]{1,2}/[^/]+/attachment/([^/]+)/trackback/?$\";s:37:\"index.php?attachment=$matches[1]&tb=1\";s:88:\"[0-9]{4}/[0-9]{1,2}/[0-9]{1,2}/[^/]+/attachment/([^/]+)/feed/(feed|rdf|rss|rss2|atom)/?$\";s:49:\"index.php?attachment=$matches[1]&feed=$matches[2]\";s:83:\"[0-9]{4}/[0-9]{1,2}/[0-9]{1,2}/[^/]+/attachment/([^/]+)/(feed|rdf|rss|rss2|atom)/?$\";s:49:\"index.php?attachment=$matches[1]&feed=$matches[2]\";s:83:\"[0-9]{4}/[0-9]{1,2}/[0-9]{1,2}/[^/]+/attachment/([^/]+)/comment-page-([0-9]{1,})/?$\";s:50:\"index.php?attachment=$matches[1]&cpage=$matches[2]\";s:64:\"[0-9]{4}/[0-9]{1,2}/[0-9]{1,2}/[^/]+/attachment/([^/]+)/embed/?$\";s:43:\"index.php?attachment=$matches[1]&embed=true\";s:53:\"([0-9]{4})/([0-9]{1,2})/([0-9]{1,2})/([^/]+)/embed/?$\";s:91:\"index.php?year=$matches[1]&monthnum=$matches[2]&day=$matches[3]&name=$matches[4]&embed=true\";s:57:\"([0-9]{4})/([0-9]{1,2})/([0-9]{1,2})/([^/]+)/trackback/?$\";s:85:\"index.php?year=$matches[1]&monthnum=$matches[2]&day=$matches[3]&name=$matches[4]&tb=1\";s:77:\"([0-9]{4})/([0-9]{1,2})/([0-9]{1,2})/([^/]+)/feed/(feed|rdf|rss|rss2|atom)/?$\";s:97:\"index.php?year=$matches[1]&monthnum=$matches[2]&day=$matches[3]&name=$matches[4]&feed=$matches[5]\";s:72:\"([0-9]{4})/([0-9]{1,2})/([0-9]{1,2})/([^/]+)/(feed|rdf|rss|rss2|atom)/?$\";s:97:\"index.php?year=$matches[1]&monthnum=$matches[2]&day=$matches[3]&name=$matches[4]&feed=$matches[5]\";s:65:\"([0-9]{4})/([0-9]{1,2})/([0-9]{1,2})/([^/]+)/page/?([0-9]{1,})/?$\";s:98:\"index.php?year=$matches[1]&monthnum=$matches[2]&day=$matches[3]&name=$matches[4]&paged=$matches[5]\";s:72:\"([0-9]{4})/([0-9]{1,2})/([0-9]{1,2})/([^/]+)/comment-page-([0-9]{1,})/?$\";s:98:\"index.php?year=$matches[1]&monthnum=$matches[2]&day=$matches[3]&name=$matches[4]&cpage=$matches[5]\";s:61:\"([0-9]{4})/([0-9]{1,2})/([0-9]{1,2})/([^/]+)(?:/([0-9]+))?/?$\";s:97:\"index.php?year=$matches[1]&monthnum=$matches[2]&day=$matches[3]&name=$matches[4]&page=$matches[5]\";s:47:\"[0-9]{4}/[0-9]{1,2}/[0-9]{1,2}/[^/]+/([^/]+)/?$\";s:32:\"index.php?attachment=$matches[1]\";s:57:\"[0-9]{4}/[0-9]{1,2}/[0-9]{1,2}/[^/]+/([^/]+)/trackback/?$\";s:37:\"index.php?attachment=$matches[1]&tb=1\";s:77:\"[0-9]{4}/[0-9]{1,2}/[0-9]{1,2}/[^/]+/([^/]+)/feed/(feed|rdf|rss|rss2|atom)/?$\";s:49:\"index.php?attachment=$matches[1]&feed=$matches[2]\";s:72:\"[0-9]{4}/[0-9]{1,2}/[0-9]{1,2}/[^/]+/([^/]+)/(feed|rdf|rss|rss2|atom)/?$\";s:49:\"index.php?attachment=$matches[1]&feed=$matches[2]\";s:72:\"[0-9]{4}/[0-9]{1,2}/[0-9]{1,2}/[^/]+/([^/]+)/comment-page-([0-9]{1,})/?$\";s:50:\"index.php?attachment=$matches[1]&cpage=$matches[2]\";s:53:\"[0-9]{4}/[0-9]{1,2}/[0-9]{1,2}/[^/]+/([^/]+)/embed/?$\";s:43:\"index.php?attachment=$matches[1]&embed=true\";s:64:\"([0-9]{4})/([0-9]{1,2})/([0-9]{1,2})/comment-page-([0-9]{1,})/?$\";s:81:\"index.php?year=$matches[1]&monthnum=$matches[2]&day=$matches[3]&cpage=$matches[4]\";s:51:\"([0-9]{4})/([0-9]{1,2})/comment-page-([0-9]{1,})/?$\";s:65:\"index.php?year=$matches[1]&monthnum=$matches[2]&cpage=$matches[3]\";s:38:\"([0-9]{4})/comment-page-([0-9]{1,})/?$\";s:44:\"index.php?year=$matches[1]&cpage=$matches[2]\";s:27:\".?.+?/attachment/([^/]+)/?$\";s:32:\"index.php?attachment=$matches[1]\";s:37:\".?.+?/attachment/([^/]+)/trackback/?$\";s:37:\"index.php?attachment=$matches[1]&tb=1\";s:57:\".?.+?/attachment/([^/]+)/feed/(feed|rdf|rss|rss2|atom)/?$\";s:49:\"index.php?attachment=$matches[1]&feed=$matches[2]\";s:52:\".?.+?/attachment/([^/]+)/(feed|rdf|rss|rss2|atom)/?$\";s:49:\"index.php?attachment=$matches[1]&feed=$matches[2]\";s:52:\".?.+?/attachment/([^/]+)/comment-page-([0-9]{1,})/?$\";s:50:\"index.php?attachment=$matches[1]&cpage=$matches[2]\";s:33:\".?.+?/attachment/([^/]+)/embed/?$\";s:43:\"index.php?attachment=$matches[1]&embed=true\";s:16:\"(.?.+?)/embed/?$\";s:41:\"index.php?pagename=$matches[1]&embed=true\";s:20:\"(.?.+?)/trackback/?$\";s:35:\"index.php?pagename=$matches[1]&tb=1\";s:40:\"(.?.+?)/feed/(feed|rdf|rss|rss2|atom)/?$\";s:47:\"index.php?pagename=$matches[1]&feed=$matches[2]\";s:35:\"(.?.+?)/(feed|rdf|rss|rss2|atom)/?$\";s:47:\"index.php?pagename=$matches[1]&feed=$matches[2]\";s:28:\"(.?.+?)/page/?([0-9]{1,})/?$\";s:48:\"index.php?pagename=$matches[1]&paged=$matches[2]\";s:35:\"(.?.+?)/comment-page-([0-9]{1,})/?$\";s:48:\"index.php?pagename=$matches[1]&cpage=$matches[2]\";s:24:\"(.?.+?)(?:/([0-9]+))?/?$\";s:47:\"index.php?pagename=$matches[1]&page=$matches[2]\";}', 'yes'),
(30, 'hack_file', '0', 'yes'),
(31, 'blog_charset', 'UTF-8', 'yes'),
(32, 'moderation_keys', '', 'no'),
(33, 'active_plugins', 'a:0:{}', 'yes'),
(34, 'category_base', '', 'yes'),
(35, 'ping_sites', 'http://rpc.pingomatic.com/', 'yes'),
(36, 'comment_max_links', '2', 'yes'),
(37, 'gmt_offset', '0', 'yes'),
(38, 'default_email_category', '1', 'yes'),
(39, 'recently_edited', '', 'no'),
(40, 'template', 'epora', 'yes'),
(41, 'stylesheet', 'epora', 'yes'),
(42, 'comment_registration', '0', 'yes'),
(43, 'html_type', 'text/html', 'yes'),
(44, 'use_trackback', '0', 'yes'),
(45, 'default_role', 'subscriber', 'yes'),
(46, 'db_version', '53496', 'yes'),
(47, 'uploads_use_yearmonth_folders', '1', 'yes'),
(48, 'upload_path', '', 'yes'),
(49, 'blog_public', '0', 'yes'),
(50, 'default_link_category', '2', 'yes'),
(51, 'show_on_front', 'posts', 'yes'),
(52, 'tag_base', '', 'yes'),
(53, 'show_avatars', '1', 'yes'),
(54, 'avatar_rating', 'G', 'yes'),
(55, 'upload_url_path', '', 'yes'),
(56, 'thumbnail_size_w', '150', 'yes'),
(57, 'thumbnail_size_h', '150', 'yes'),
(58, 'thumbnail_crop', '1', 'yes'),
(59, 'medium_size_w', '300', 'yes'),
(60, 'medium_size_h', '300', 'yes'),
(61, 'avatar_default', 'mystery', 'yes'),
(62, 'large_size_w', '1024', 'yes'),
(63, 'large_size_h', '1024', 'yes'),
(64, 'image_default_link_type', 'none', 'yes'),
(65, 'image_default_size', '', 'yes'),
(66, 'image_default_align', '', 'yes'),
(67, 'close_comments_for_old_posts', '0', 'yes'),
(68, 'close_comments_days_old', '14', 'yes'),
(69, 'thread_comments', '1', 'yes'),
(70, 'thread_comments_depth', '5', 'yes'),
(71, 'page_comments', '0', 'yes'),
(72, 'comments_per_page', '50', 'yes'),
(73, 'default_comments_page', 'newest', 'yes'),
(74, 'comment_order', 'asc', 'yes'),
(75, 'sticky_posts', 'a:0:{}', 'yes'),
(76, 'widget_categories', 'a:0:{}', 'yes'),
(77, 'widget_text', 'a:0:{}', 'yes'),
(78, 'widget_rss', 'a:0:{}', 'yes'),
(79, 'uninstall_plugins', 'a:0:{}', 'no'),
(80, 'timezone_string', '', 'yes'),
(81, 'page_for_posts', '0', 'yes'),
(82, 'page_on_front', '0', 'yes'),
(83, 'default_post_format', '0', 'yes'),
(84, 'link_manager_enabled', '0', 'yes'),
(85, 'finished_splitting_shared_terms', '1', 'yes'),
(86, 'site_icon', '0', 'yes'),
(87, 'medium_large_size_w', '768', 'yes'),
(88, 'medium_large_size_h', '0', 'yes'),
(89, 'wp_page_for_privacy_policy', '3', 'yes'),
(90, 'show_comments_cookies_opt_in', '1', 'yes'),
(91, 'admin_email_lifespan', '1681216595', 'yes'),
(92, 'disallowed_keys', '', 'no'),
(93, 'comment_previously_approved', '1', 'yes'),
(94, 'auto_plugin_theme_update_emails', 'a:0:{}', 'no'),
(95, 'auto_update_core_dev', 'enabled', 'yes'),
(96, 'auto_update_core_minor', 'enabled', 'yes'),
(97, 'auto_update_core_major', 'enabled', 'yes'),
(98, 'wp_force_deactivated_plugins', 'a:0:{}', 'yes'),
(99, 'initial_db_version', '53496', 'yes'),
(100, 'wp_eporauser_roles', 'a:5:{s:13:\"administrator\";a:2:{s:4:\"name\";s:13:\"Administrator\";s:12:\"capabilities\";a:61:{s:13:\"switch_themes\";b:1;s:11:\"edit_themes\";b:1;s:16:\"activate_plugins\";b:1;s:12:\"edit_plugins\";b:1;s:10:\"edit_users\";b:1;s:10:\"edit_files\";b:1;s:14:\"manage_options\";b:1;s:17:\"moderate_comments\";b:1;s:17:\"manage_categories\";b:1;s:12:\"manage_links\";b:1;s:12:\"upload_files\";b:1;s:6:\"import\";b:1;s:15:\"unfiltered_html\";b:1;s:10:\"edit_posts\";b:1;s:17:\"edit_others_posts\";b:1;s:20:\"edit_published_posts\";b:1;s:13:\"publish_posts\";b:1;s:10:\"edit_pages\";b:1;s:4:\"read\";b:1;s:8:\"level_10\";b:1;s:7:\"level_9\";b:1;s:7:\"level_8\";b:1;s:7:\"level_7\";b:1;s:7:\"level_6\";b:1;s:7:\"level_5\";b:1;s:7:\"level_4\";b:1;s:7:\"level_3\";b:1;s:7:\"level_2\";b:1;s:7:\"level_1\";b:1;s:7:\"level_0\";b:1;s:17:\"edit_others_pages\";b:1;s:20:\"edit_published_pages\";b:1;s:13:\"publish_pages\";b:1;s:12:\"delete_pages\";b:1;s:19:\"delete_others_pages\";b:1;s:22:\"delete_published_pages\";b:1;s:12:\"delete_posts\";b:1;s:19:\"delete_others_posts\";b:1;s:22:\"delete_published_posts\";b:1;s:20:\"delete_private_posts\";b:1;s:18:\"edit_private_posts\";b:1;s:18:\"read_private_posts\";b:1;s:20:\"delete_private_pages\";b:1;s:18:\"edit_private_pages\";b:1;s:18:\"read_private_pages\";b:1;s:12:\"delete_users\";b:1;s:12:\"create_users\";b:1;s:17:\"unfiltered_upload\";b:1;s:14:\"edit_dashboard\";b:1;s:14:\"update_plugins\";b:1;s:14:\"delete_plugins\";b:1;s:15:\"install_plugins\";b:1;s:13:\"update_themes\";b:1;s:14:\"install_themes\";b:1;s:11:\"update_core\";b:1;s:10:\"list_users\";b:1;s:12:\"remove_users\";b:1;s:13:\"promote_users\";b:1;s:18:\"edit_theme_options\";b:1;s:13:\"delete_themes\";b:1;s:6:\"export\";b:1;}}s:6:\"editor\";a:2:{s:4:\"name\";s:6:\"Editor\";s:12:\"capabilities\";a:34:{s:17:\"moderate_comments\";b:1;s:17:\"manage_categories\";b:1;s:12:\"manage_links\";b:1;s:12:\"upload_files\";b:1;s:15:\"unfiltered_html\";b:1;s:10:\"edit_posts\";b:1;s:17:\"edit_others_posts\";b:1;s:20:\"edit_published_posts\";b:1;s:13:\"publish_posts\";b:1;s:10:\"edit_pages\";b:1;s:4:\"read\";b:1;s:7:\"level_7\";b:1;s:7:\"level_6\";b:1;s:7:\"level_5\";b:1;s:7:\"level_4\";b:1;s:7:\"level_3\";b:1;s:7:\"level_2\";b:1;s:7:\"level_1\";b:1;s:7:\"level_0\";b:1;s:17:\"edit_others_pages\";b:1;s:20:\"edit_published_pages\";b:1;s:13:\"publish_pages\";b:1;s:12:\"delete_pages\";b:1;s:19:\"delete_others_pages\";b:1;s:22:\"delete_published_pages\";b:1;s:12:\"delete_posts\";b:1;s:19:\"delete_others_posts\";b:1;s:22:\"delete_published_posts\";b:1;s:20:\"delete_private_posts\";b:1;s:18:\"edit_private_posts\";b:1;s:18:\"read_private_posts\";b:1;s:20:\"delete_private_pages\";b:1;s:18:\"edit_private_pages\";b:1;s:18:\"read_private_pages\";b:1;}}s:6:\"author\";a:2:{s:4:\"name\";s:6:\"Author\";s:12:\"capabilities\";a:10:{s:12:\"upload_files\";b:1;s:10:\"edit_posts\";b:1;s:20:\"edit_published_posts\";b:1;s:13:\"publish_posts\";b:1;s:4:\"read\";b:1;s:7:\"level_2\";b:1;s:7:\"level_1\";b:1;s:7:\"level_0\";b:1;s:12:\"delete_posts\";b:1;s:22:\"delete_published_posts\";b:1;}}s:11:\"contributor\";a:2:{s:4:\"name\";s:11:\"Contributor\";s:12:\"capabilities\";a:5:{s:10:\"edit_posts\";b:1;s:4:\"read\";b:1;s:7:\"level_1\";b:1;s:7:\"level_0\";b:1;s:12:\"delete_posts\";b:1;}}s:10:\"subscriber\";a:2:{s:4:\"name\";s:10:\"Subscriber\";s:12:\"capabilities\";a:2:{s:4:\"read\";b:1;s:7:\"level_0\";b:1;}}}', 'yes'),
(101, 'fresh_site', '0', 'yes'),
(102, 'user_count', '1', 'no'),
(103, 'widget_block', 'a:6:{i:2;a:1:{s:7:\"content\";s:19:\"<!-- wp:search /-->\";}i:3;a:1:{s:7:\"content\";s:154:\"<!-- wp:group --><div class=\"wp-block-group\"><!-- wp:heading --><h2>Recent Posts</h2><!-- /wp:heading --><!-- wp:latest-posts /--></div><!-- /wp:group -->\";}i:4;a:1:{s:7:\"content\";s:227:\"<!-- wp:group --><div class=\"wp-block-group\"><!-- wp:heading --><h2>Recent Comments</h2><!-- /wp:heading --><!-- wp:latest-comments {\"displayAvatar\":false,\"displayDate\":false,\"displayExcerpt\":false} /--></div><!-- /wp:group -->\";}i:5;a:1:{s:7:\"content\";s:146:\"<!-- wp:group --><div class=\"wp-block-group\"><!-- wp:heading --><h2>Archives</h2><!-- /wp:heading --><!-- wp:archives /--></div><!-- /wp:group -->\";}i:6;a:1:{s:7:\"content\";s:150:\"<!-- wp:group --><div class=\"wp-block-group\"><!-- wp:heading --><h2>Categories</h2><!-- /wp:heading --><!-- wp:categories /--></div><!-- /wp:group -->\";}s:12:\"_multiwidget\";i:1;}', 'yes'),
(104, 'sidebars_widgets', 'a:2:{s:19:\"wp_inactive_widgets\";a:5:{i:0;s:7:\"block-2\";i:1;s:7:\"block-3\";i:2;s:7:\"block-4\";i:3;s:7:\"block-5\";i:4;s:7:\"block-6\";}s:13:\"array_version\";i:3;}', 'yes'),
(105, 'cron', 'a:8:{i:1665754601;a:1:{s:34:\"wp_privacy_delete_old_export_files\";a:1:{s:32:\"40cd750bba9870f18aada2478b24840a\";a:3:{s:8:\"schedule\";s:6:\"hourly\";s:4:\"args\";a:0:{}s:8:\"interval\";i:3600;}}}i:1665794201;a:4:{s:18:\"wp_https_detection\";a:1:{s:32:\"40cd750bba9870f18aada2478b24840a\";a:3:{s:8:\"schedule\";s:10:\"twicedaily\";s:4:\"args\";a:0:{}s:8:\"interval\";i:43200;}}s:16:\"wp_version_check\";a:1:{s:32:\"40cd750bba9870f18aada2478b24840a\";a:3:{s:8:\"schedule\";s:10:\"twicedaily\";s:4:\"args\";a:0:{}s:8:\"interval\";i:43200;}}s:17:\"wp_update_plugins\";a:1:{s:32:\"40cd750bba9870f18aada2478b24840a\";a:3:{s:8:\"schedule\";s:10:\"twicedaily\";s:4:\"args\";a:0:{}s:8:\"interval\";i:43200;}}s:16:\"wp_update_themes\";a:1:{s:32:\"40cd750bba9870f18aada2478b24840a\";a:3:{s:8:\"schedule\";s:10:\"twicedaily\";s:4:\"args\";a:0:{}s:8:\"interval\";i:43200;}}}i:1665794225;a:1:{s:21:\"wp_update_user_counts\";a:1:{s:32:\"40cd750bba9870f18aada2478b24840a\";a:3:{s:8:\"schedule\";s:10:\"twicedaily\";s:4:\"args\";a:0:{}s:8:\"interval\";i:43200;}}}i:1665837400;a:1:{s:32:\"recovery_mode_clean_expired_keys\";a:1:{s:32:\"40cd750bba9870f18aada2478b24840a\";a:3:{s:8:\"schedule\";s:5:\"daily\";s:4:\"args\";a:0:{}s:8:\"interval\";i:86400;}}}i:1665837425;a:2:{s:19:\"wp_scheduled_delete\";a:1:{s:32:\"40cd750bba9870f18aada2478b24840a\";a:3:{s:8:\"schedule\";s:5:\"daily\";s:4:\"args\";a:0:{}s:8:\"interval\";i:86400;}}s:25:\"delete_expired_transients\";a:1:{s:32:\"40cd750bba9870f18aada2478b24840a\";a:3:{s:8:\"schedule\";s:5:\"daily\";s:4:\"args\";a:0:{}s:8:\"interval\";i:86400;}}}i:1665837428;a:1:{s:30:\"wp_scheduled_auto_draft_delete\";a:1:{s:32:\"40cd750bba9870f18aada2478b24840a\";a:3:{s:8:\"schedule\";s:5:\"daily\";s:4:\"args\";a:0:{}s:8:\"interval\";i:86400;}}}i:1666355800;a:1:{s:30:\"wp_site_health_scheduled_check\";a:1:{s:32:\"40cd750bba9870f18aada2478b24840a\";a:3:{s:8:\"schedule\";s:6:\"weekly\";s:4:\"args\";a:0:{}s:8:\"interval\";i:604800;}}}s:7:\"version\";i:2;}', 'yes'),
(106, 'widget_pages', 'a:1:{s:12:\"_multiwidget\";i:1;}', 'yes'),
(107, 'widget_calendar', 'a:1:{s:12:\"_multiwidget\";i:1;}', 'yes'),
(108, 'widget_archives', 'a:1:{s:12:\"_multiwidget\";i:1;}', 'yes'),
(109, 'widget_media_audio', 'a:1:{s:12:\"_multiwidget\";i:1;}', 'yes'),
(110, 'widget_media_image', 'a:1:{s:12:\"_multiwidget\";i:1;}', 'yes'),
(111, 'widget_media_gallery', 'a:1:{s:12:\"_multiwidget\";i:1;}', 'yes'),
(112, 'widget_media_video', 'a:1:{s:12:\"_multiwidget\";i:1;}', 'yes'),
(113, 'widget_meta', 'a:1:{s:12:\"_multiwidget\";i:1;}', 'yes'),
(114, 'widget_search', 'a:1:{s:12:\"_multiwidget\";i:1;}', 'yes'),
(115, 'widget_tag_cloud', 'a:1:{s:12:\"_multiwidget\";i:1;}', 'yes'),
(116, 'widget_nav_menu', 'a:1:{s:12:\"_multiwidget\";i:1;}', 'yes'),
(117, 'widget_custom_html', 'a:1:{s:12:\"_multiwidget\";i:1;}', 'yes'),
(119, 'recovery_keys', 'a:1:{s:22:\"7tPhzpSX7aPC2LzB8L07kE\";a:2:{s:10:\"hashed_key\";s:34:\"$P$BStjeJPVoBOGN2WG7oJSPuGvRoDg.i1\";s:10:\"created_at\";i:1665751363;}}', 'yes'),
(124, 'theme_mods_twentytwentytwo', 'a:2:{s:18:\"custom_css_post_id\";i:-1;s:16:\"sidebars_widgets\";a:2:{s:4:\"time\";i:1665665073;s:4:\"data\";a:3:{s:19:\"wp_inactive_widgets\";a:0:{}s:9:\"sidebar-1\";a:3:{i:0;s:7:\"block-2\";i:1;s:7:\"block-3\";i:2;s:7:\"block-4\";}s:9:\"sidebar-2\";a:2:{i:0;s:7:\"block-5\";i:1;s:7:\"block-6\";}}}}', 'yes'),
(129, 'https_detection_errors', 'a:1:{s:23:\"ssl_verification_failed\";a:1:{i:0;s:24:\"SSL verification failed.\";}}', 'yes'),
(130, '_site_transient_update_core', 'O:8:\"stdClass\":4:{s:7:\"updates\";a:1:{i:0;O:8:\"stdClass\":10:{s:8:\"response\";s:6:\"latest\";s:8:\"download\";s:59:\"https://downloads.wordpress.org/release/wordpress-6.0.2.zip\";s:6:\"locale\";s:5:\"en_US\";s:8:\"packages\";O:8:\"stdClass\":5:{s:4:\"full\";s:59:\"https://downloads.wordpress.org/release/wordpress-6.0.2.zip\";s:10:\"no_content\";s:70:\"https://downloads.wordpress.org/release/wordpress-6.0.2-no-content.zip\";s:11:\"new_bundled\";s:71:\"https://downloads.wordpress.org/release/wordpress-6.0.2-new-bundled.zip\";s:7:\"partial\";s:0:\"\";s:8:\"rollback\";s:0:\"\";}s:7:\"current\";s:5:\"6.0.2\";s:7:\"version\";s:5:\"6.0.2\";s:11:\"php_version\";s:6:\"5.6.20\";s:13:\"mysql_version\";s:3:\"5.0\";s:11:\"new_bundled\";s:3:\"5.9\";s:15:\"partial_version\";s:0:\"\";}}s:12:\"last_checked\";i:1665751020;s:15:\"version_checked\";s:5:\"6.0.2\";s:12:\"translations\";a:0:{}}', 'no'),
(137, '_site_transient_timeout_browser_acff52a1652901ae7e446fb41b9189b7', '1666269426', 'no'),
(138, '_site_transient_browser_acff52a1652901ae7e446fb41b9189b7', 'a:10:{s:4:\"name\";s:6:\"Chrome\";s:7:\"version\";s:9:\"106.0.0.0\";s:8:\"platform\";s:7:\"Windows\";s:10:\"update_url\";s:29:\"https://www.google.com/chrome\";s:7:\"img_src\";s:43:\"http://s.w.org/images/browsers/chrome.png?1\";s:11:\"img_src_ssl\";s:44:\"https://s.w.org/images/browsers/chrome.png?1\";s:15:\"current_version\";s:2:\"18\";s:7:\"upgrade\";b:0;s:8:\"insecure\";b:0;s:6:\"mobile\";b:0;}', 'no'),
(139, '_site_transient_timeout_php_check_3a6f2a803f99347534e67553ed67d1ad', '1666269427', 'no'),
(140, '_site_transient_php_check_3a6f2a803f99347534e67553ed67d1ad', 'a:5:{s:19:\"recommended_version\";s:3:\"7.4\";s:15:\"minimum_version\";s:6:\"5.6.20\";s:12:\"is_supported\";b:1;s:9:\"is_secure\";b:1;s:13:\"is_acceptable\";b:1;}', 'no'),
(144, 'can_compress_scripts', '1', 'no'),
(159, 'finished_updating_comment_type', '1', 'yes'),
(164, '_site_transient_update_themes', 'O:8:\"stdClass\":5:{s:12:\"last_checked\";i:1665751022;s:7:\"checked\";a:3:{s:5:\"epora\";s:3:\"2.0\";s:12:\"twentytwenty\";s:3:\"2.0\";s:15:\"twentytwentytwo\";s:3:\"1.2\";}s:8:\"response\";a:0:{}s:9:\"no_update\";a:2:{s:12:\"twentytwenty\";a:6:{s:5:\"theme\";s:12:\"twentytwenty\";s:11:\"new_version\";s:3:\"2.0\";s:3:\"url\";s:42:\"https://wordpress.org/themes/twentytwenty/\";s:7:\"package\";s:58:\"https://downloads.wordpress.org/theme/twentytwenty.2.0.zip\";s:8:\"requires\";s:3:\"4.7\";s:12:\"requires_php\";s:5:\"5.2.4\";}s:15:\"twentytwentytwo\";a:6:{s:5:\"theme\";s:15:\"twentytwentytwo\";s:11:\"new_version\";s:3:\"1.2\";s:3:\"url\";s:45:\"https://wordpress.org/themes/twentytwentytwo/\";s:7:\"package\";s:61:\"https://downloads.wordpress.org/theme/twentytwentytwo.1.2.zip\";s:8:\"requires\";s:3:\"5.9\";s:12:\"requires_php\";s:3:\"5.6\";}}s:12:\"translations\";a:0:{}}', 'no'),
(165, 'current_theme', '', 'yes'),
(166, 'theme_mods_epora', 'a:3:{i:0;b:0;s:18:\"nav_menu_locations\";a:4:{s:9:\"main-menu\";i:7;s:9:\"Main_menu\";i:7;s:13:\"category_menu\";i:2;s:11:\"footer menu\";i:0;}s:18:\"custom_css_post_id\";i:-1;}', 'yes'),
(167, 'theme_switched', '', 'yes'),
(188, 'nav_menu_options', 'a:2:{i:0;b:0;s:8:\"auto_add\";a:0:{}}', 'yes'),
(207, 'category_children', 'a:0:{}', 'yes'),
(277, '_site_transient_timeout_theme_roots', '1665752814', 'no'),
(278, '_site_transient_theme_roots', 'a:3:{s:5:\"epora\";s:7:\"/themes\";s:12:\"twentytwenty\";s:7:\"/themes\";s:15:\"twentytwentytwo\";s:7:\"/themes\";}', 'no'),
(281, '_transient_health-check-site-status-result', '{\"good\":13,\"recommended\":6,\"critical\":0}', 'yes'),
(283, '_site_transient_update_plugins', 'O:8:\"stdClass\":5:{s:12:\"last_checked\";i:1665751023;s:8:\"response\";a:1:{s:19:\"akismet/akismet.php\";O:8:\"stdClass\":12:{s:2:\"id\";s:21:\"w.org/plugins/akismet\";s:4:\"slug\";s:7:\"akismet\";s:6:\"plugin\";s:19:\"akismet/akismet.php\";s:11:\"new_version\";s:5:\"5.0.1\";s:3:\"url\";s:38:\"https://wordpress.org/plugins/akismet/\";s:7:\"package\";s:56:\"https://downloads.wordpress.org/plugin/akismet.5.0.1.zip\";s:5:\"icons\";a:2:{s:2:\"2x\";s:59:\"https://ps.w.org/akismet/assets/icon-256x256.png?rev=969272\";s:2:\"1x\";s:59:\"https://ps.w.org/akismet/assets/icon-128x128.png?rev=969272\";}s:7:\"banners\";a:1:{s:2:\"1x\";s:61:\"https://ps.w.org/akismet/assets/banner-772x250.jpg?rev=479904\";}s:11:\"banners_rtl\";a:0:{}s:8:\"requires\";s:3:\"5.0\";s:6:\"tested\";s:5:\"6.0.2\";s:12:\"requires_php\";s:3:\"5.2\";}}s:12:\"translations\";a:0:{}s:9:\"no_update\";a:1:{s:9:\"hello.php\";O:8:\"stdClass\":10:{s:2:\"id\";s:25:\"w.org/plugins/hello-dolly\";s:4:\"slug\";s:11:\"hello-dolly\";s:6:\"plugin\";s:9:\"hello.php\";s:11:\"new_version\";s:5:\"1.7.2\";s:3:\"url\";s:42:\"https://wordpress.org/plugins/hello-dolly/\";s:7:\"package\";s:60:\"https://downloads.wordpress.org/plugin/hello-dolly.1.7.2.zip\";s:5:\"icons\";a:2:{s:2:\"2x\";s:64:\"https://ps.w.org/hello-dolly/assets/icon-256x256.jpg?rev=2052855\";s:2:\"1x\";s:64:\"https://ps.w.org/hello-dolly/assets/icon-128x128.jpg?rev=2052855\";}s:7:\"banners\";a:2:{s:2:\"2x\";s:67:\"https://ps.w.org/hello-dolly/assets/banner-1544x500.jpg?rev=2645582\";s:2:\"1x\";s:66:\"https://ps.w.org/hello-dolly/assets/banner-772x250.jpg?rev=2052855\";}s:11:\"banners_rtl\";a:0:{}s:8:\"requires\";s:3:\"4.6\";}}s:7:\"checked\";a:2:{s:19:\"akismet/akismet.php\";s:3:\"5.0\";s:9:\"hello.php\";s:5:\"1.7.2\";}}', 'no'),
(287, 'recovery_mode_email_last_sent', '1665751363', 'yes'),
(288, '_site_transient_timeout_wp_remote_block_patterns_0d5a0032fe4144ea590f426bb133a06b', '1665755094', 'no');
INSERT INTO `wp_eporaoptions` (`option_id`, `option_name`, `option_value`, `autoload`) VALUES
(289, '_site_transient_wp_remote_block_patterns_0d5a0032fe4144ea590f426bb133a06b', 'a:13:{i:0;O:8:\"stdClass\":7:{s:2:\"id\";i:184;s:5:\"title\";O:8:\"stdClass\":1:{s:8:\"rendered\";s:7:\"Heading\";}s:7:\"content\";O:8:\"stdClass\":2:{s:8:\"rendered\";s:509:\"\n<h2 class=\"alignwide\" id=\"we-re-a-studio-in-berlin-with-an-international-practice-in-architecture-urban-planning-and-interior-design-we-believe-in-sharing-knowledge-and-promoting-dialogue-to-increase-the-creative-potential-of-collaboration\" style=\"font-size:48px;line-height:1.1\">We&#8217;re a studio in Berlin with an international practice in architecture, urban planning and interior design. We believe in sharing knowledge and promoting dialogue to increase the creative potential of collaboration.</h2>\n\";s:9:\"protected\";b:0;}s:4:\"meta\";O:8:\"stdClass\":6:{s:10:\"spay_email\";s:0:\"\";s:13:\"wpop_keywords\";s:17:\"large text, title\";s:16:\"wpop_description\";s:12:\"Heading text\";s:19:\"wpop_viewport_width\";i:1200;s:16:\"wpop_block_types\";a:1:{i:0;s:12:\"core/heading\";}s:11:\"wpop_locale\";s:5:\"en_US\";}s:14:\"category_slugs\";a:2:{i:0;s:8:\"featured\";i:1;s:4:\"text\";}s:13:\"keyword_slugs\";a:1:{i:0;s:4:\"core\";}s:15:\"pattern_content\";s:621:\"<!-- wp:heading {\"align\":\"wide\",\"style\":{\"typography\":{\"fontSize\":\"48px\",\"lineHeight\":\"1.1\"}}} -->\n<h2 class=\"alignwide\" id=\"we-re-a-studio-in-berlin-with-an-international-practice-in-architecture-urban-planning-and-interior-design-we-believe-in-sharing-knowledge-and-promoting-dialogue-to-increase-the-creative-potential-of-collaboration\" style=\"font-size:48px;line-height:1.1\">We\'re a studio in Berlin with an international practice in architecture, urban planning and interior design. We believe in sharing knowledge and promoting dialogue to increase the creative potential of collaboration.</h2>\n<!-- /wp:heading -->\";}i:1;O:8:\"stdClass\":7:{s:2:\"id\";i:185;s:5:\"title\";O:8:\"stdClass\":1:{s:8:\"rendered\";s:35:\"Large header with left-aligned text\";}s:7:\"content\";O:8:\"stdClass\":2:{s:8:\"rendered\";s:1096:\"\n<div class=\"wp-block-cover alignfull has-background-dim-60 has-background-dim\" style=\"min-height:800px\"><img decoding=\"async\" class=\"wp-block-cover__image-background\" alt=\"\" src=\"https://s.w.org/images/core/5.8/forest.jpg\" data-object-fit=\"cover\" /><div class=\"wp-block-cover__inner-container\">\n<h2 class=\"alignwide has-text-color\" style=\"color:#ffe074;font-size:64px\">Forest.</h2>\n\n\n\n<div class=\"is-layout-flex wp-container-3 wp-block-columns alignwide\">\n<div class=\"is-layout-flow wp-block-column\" style=\"flex-basis:55%\">\n<div style=\"height:330px\" aria-hidden=\"true\" class=\"wp-block-spacer\"></div>\n\n\n\n<p class=\"has-text-color\" style=\"color:#ffe074;font-size:12px;line-height:1.3\"><em>Even a child knows how valuable the forest is. The fresh, breathtaking smell of trees. Echoing birds flying above that dense magnitude. A stable climate, a sustainable diverse life and a source of culture. Yet, forests and other ecosystems hang in the balance, threatened to become croplands, pasture, and plantations.</em></p>\n</div>\n\n\n\n<div class=\"is-layout-flow wp-block-column\"></div>\n</div>\n</div></div>\n\";s:9:\"protected\";b:0;}s:4:\"meta\";O:8:\"stdClass\":6:{s:10:\"spay_email\";s:0:\"\";s:13:\"wpop_keywords\";s:0:\"\";s:16:\"wpop_description\";s:29:\"Cover image with quote on top\";s:19:\"wpop_viewport_width\";i:1200;s:16:\"wpop_block_types\";a:0:{}s:11:\"wpop_locale\";s:5:\"en_US\";}s:14:\"category_slugs\";a:2:{i:0;s:8:\"featured\";i:1;s:6:\"header\";}s:13:\"keyword_slugs\";a:1:{i:0;s:4:\"core\";}s:15:\"pattern_content\";s:1610:\"<!-- wp:cover {\"url\":\"https://s.w.org/images/core/5.8/forest.jpg\",\"dimRatio\":60,\"minHeight\":800,\"align\":\"full\"} -->\n<div class=\"wp-block-cover alignfull has-background-dim-60 has-background-dim\" style=\"min-height:800px\"><img class=\"wp-block-cover__image-background\" alt=\"\" src=\"https://s.w.org/images/core/5.8/forest.jpg\" data-object-fit=\"cover\" /><div class=\"wp-block-cover__inner-container\"><!-- wp:heading {\"align\":\"wide\",\"style\":{\"color\":{\"text\":\"#ffe074\"},\"typography\":{\"fontSize\":\"64px\"}}} -->\n<h2 class=\"alignwide has-text-color\" style=\"color:#ffe074;font-size:64px\">Forest.</h2>\n<!-- /wp:heading -->\n\n<!-- wp:columns {\"align\":\"wide\"} -->\n<div class=\"wp-block-columns alignwide\"><!-- wp:column {\"width\":\"55%\"} -->\n<div class=\"wp-block-column\" style=\"flex-basis:55%\"><!-- wp:spacer {\"height\":330} -->\n<div style=\"height:330px\" aria-hidden=\"true\" class=\"wp-block-spacer\"></div>\n<!-- /wp:spacer -->\n\n<!-- wp:paragraph {\"style\":{\"color\":{\"text\":\"#ffe074\"},\"typography\":{\"lineHeight\":\"1.3\",\"fontSize\":\"12px\"}}} -->\n<p class=\"has-text-color\" style=\"color:#ffe074;font-size:12px;line-height:1.3\"><em>Even a child knows how valuable the forest is. The fresh, breathtaking smell of trees. Echoing birds flying above that dense magnitude. A stable climate, a sustainable diverse life and a source of culture. Yet, forests and other ecosystems hang in the balance, threatened to become croplands, pasture, and plantations.</em></p>\n<!-- /wp:paragraph --></div>\n<!-- /wp:column -->\n\n<!-- wp:column -->\n<div class=\"wp-block-column\"></div>\n<!-- /wp:column --></div>\n<!-- /wp:columns --></div></div>\n<!-- /wp:cover -->\";}i:2;O:8:\"stdClass\":7:{s:2:\"id\";i:186;s:5:\"title\";O:8:\"stdClass\":1:{s:8:\"rendered\";s:35:\"Large header with text and a button\";}s:7:\"content\";O:8:\"stdClass\":2:{s:8:\"rendered\";s:1130:\"\n<div class=\"wp-block-cover alignfull has-background-dim-40 has-background-dim has-parallax\" style=\"background-image:url(https://s.w.org/images/core/5.8/art-01.jpg);background-color:#000000;min-height:100vh\"><div class=\"wp-block-cover__inner-container\">\n<h2 class=\"alignwide has-white-color has-text-color\" style=\"font-size:48px;line-height:1.2\"><strong><em>Overseas:</em></strong><br><strong><em>1500 — 1960</em></strong></h2>\n\n\n\n<div class=\"is-layout-flex wp-container-7 wp-block-columns alignwide\">\n<div class=\"is-layout-flow wp-block-column\" style=\"flex-basis:60%\">\n<p class=\"has-text-color\" style=\"color:#ffffff\">An exhibition about the different representations of the ocean throughout time, between the sixteenth and the twentieth century. Taking place in our Open Room in <em>Floor 2</em>.</p>\n\n\n\n<div class=\"is-layout-flex wp-block-buttons\">\n<div class=\"wp-block-button is-style-outline\"><a class=\"wp-block-button__link has-text-color has-background no-border-radius\" style=\"background-color:#000000;color:#ffffff\">Visit</a></div>\n</div>\n</div>\n\n\n\n<div class=\"is-layout-flow wp-block-column\"></div>\n</div>\n</div></div>\n\";s:9:\"protected\";b:0;}s:4:\"meta\";O:8:\"stdClass\":6:{s:10:\"spay_email\";s:0:\"\";s:13:\"wpop_keywords\";s:0:\"\";s:16:\"wpop_description\";s:62:\"Large header with background image and text and button on top.\";s:19:\"wpop_viewport_width\";i:1200;s:16:\"wpop_block_types\";a:0:{}s:11:\"wpop_locale\";s:5:\"en_US\";}s:14:\"category_slugs\";a:1:{i:0;s:6:\"header\";}s:13:\"keyword_slugs\";a:1:{i:0;s:4:\"core\";}s:15:\"pattern_content\";s:1865:\"<!-- wp:cover {\"url\":\"https://s.w.org/images/core/5.8/art-01.jpg\",\"hasParallax\":true,\"dimRatio\":40,\"customOverlayColor\":\"#000000\",\"minHeight\":100,\"minHeightUnit\":\"vh\",\"contentPosition\":\"center center\",\"align\":\"full\"} -->\n<div class=\"wp-block-cover alignfull has-background-dim-40 has-background-dim has-parallax\" style=\"background-image:url(https://s.w.org/images/core/5.8/art-01.jpg);background-color:#000000;min-height:100vh\"><div class=\"wp-block-cover__inner-container\"><!-- wp:heading {\"style\":{\"typography\":{\"fontSize\":\"48px\",\"lineHeight\":\"1.2\"}},\"className\":\"alignwide has-white-color has-text-color\"} -->\n<h2 class=\"alignwide has-white-color has-text-color\" style=\"font-size:48px;line-height:1.2\"><strong><em>Overseas:</em></strong><br><strong><em>1500 — 1960</em></strong></h2>\n<!-- /wp:heading -->\n\n<!-- wp:columns {\"align\":\"wide\"} -->\n<div class=\"wp-block-columns alignwide\"><!-- wp:column {\"width\":\"60%\"} -->\n<div class=\"wp-block-column\" style=\"flex-basis:60%\"><!-- wp:paragraph {\"style\":{\"color\":{\"text\":\"#ffffff\"}}} -->\n<p class=\"has-text-color\" style=\"color:#ffffff\">An exhibition about the different representations of the ocean throughout time, between the sixteenth and the twentieth century. Taking place in our Open Room in <em>Floor 2</em>.</p>\n<!-- /wp:paragraph -->\n\n<!-- wp:buttons -->\n<div class=\"wp-block-buttons\"><!-- wp:button {\"borderRadius\":0,\"style\":{\"color\":{\"text\":\"#ffffff\",\"background\":\"#000000\"}},\"className\":\"is-style-outline\"} -->\n<div class=\"wp-block-button is-style-outline\"><a class=\"wp-block-button__link has-text-color has-background no-border-radius\" style=\"background-color:#000000;color:#ffffff\">Visit</a></div>\n<!-- /wp:button --></div>\n<!-- /wp:buttons --></div>\n<!-- /wp:column -->\n\n<!-- wp:column -->\n<div class=\"wp-block-column\"></div>\n<!-- /wp:column --></div>\n<!-- /wp:columns --></div></div>\n<!-- /wp:cover -->\";}i:3;O:8:\"stdClass\":7:{s:2:\"id\";i:196;s:5:\"title\";O:8:\"stdClass\":1:{s:8:\"rendered\";s:41:\"Media and text in a full height container\";}s:7:\"content\";O:8:\"stdClass\":2:{s:8:\"rendered\";s:1226:\"\n<div class=\"wp-block-cover alignfull has-background-dim\" style=\"background-color:#ffffff;min-height:100vh\"><div class=\"wp-block-cover__inner-container\">\n<div class=\"wp-block-media-text alignwide is-stacked-on-mobile is-vertically-aligned-center is-image-fill\" style=\"grid-template-columns:56% auto\"><figure class=\"wp-block-media-text__media\" style=\"background-image:url(https://s.w.org/images/core/5.8/soil.jpg);background-position:50% 50%\"><img decoding=\"async\" src=\"https://s.w.org/images/core/5.8/soil.jpg\" alt=\"Close-up of dried, cracked earth.\" /></figure><div class=\"wp-block-media-text__content\">\n<h2 class=\"has-text-color\" style=\"color:#000000;font-size:32px\"><strong>What&#8217;s the problem?</strong></h2>\n\n\n\n<p class=\"has-text-color\" style=\"color:#000000;font-size:17px\">Trees are more important today than ever before. More than 10,000 products are reportedly made from trees. Through chemistry, the humble woodpile is yielding chemicals, plastics and fabrics that were beyond comprehension when an axe first felled a Texas tree.</p>\n\n\n\n<div class=\"is-layout-flex wp-block-buttons\">\n<div class=\"wp-block-button is-style-fill\"><a class=\"wp-block-button__link\">Learn more</a></div>\n</div>\n</div></div>\n</div></div>\n\";s:9:\"protected\";b:0;}s:4:\"meta\";O:8:\"stdClass\":6:{s:10:\"spay_email\";s:0:\"\";s:13:\"wpop_keywords\";s:0:\"\";s:16:\"wpop_description\";s:77:\"Media and text block with image to the left and text and button to the right.\";s:19:\"wpop_viewport_width\";i:1200;s:16:\"wpop_block_types\";a:0:{}s:11:\"wpop_locale\";s:5:\"en_US\";}s:14:\"category_slugs\";a:1:{i:0;s:6:\"header\";}s:13:\"keyword_slugs\";a:1:{i:0;s:4:\"core\";}s:15:\"pattern_content\";s:1858:\"<!-- wp:cover {\"customOverlayColor\":\"#ffffff\",\"minHeight\":100,\"minHeightUnit\":\"vh\",\"contentPosition\":\"center center\",\"align\":\"full\"} -->\n<div class=\"wp-block-cover alignfull has-background-dim\" style=\"background-color:#ffffff;min-height:100vh\"><div class=\"wp-block-cover__inner-container\"><!-- wp:media-text {\"mediaLink\":\"https://s.w.org/images/core/5.8/soil.jpg\",\"mediaType\":\"image\",\"mediaWidth\":56,\"verticalAlignment\":\"center\",\"imageFill\":true} -->\n<div class=\"wp-block-media-text alignwide is-stacked-on-mobile is-vertically-aligned-center is-image-fill\" style=\"grid-template-columns:56% auto\"><figure class=\"wp-block-media-text__media\" style=\"background-image:url(https://s.w.org/images/core/5.8/soil.jpg);background-position:50% 50%\"><img src=\"https://s.w.org/images/core/5.8/soil.jpg\" alt=\"Close-up of dried, cracked earth.\" /></figure><div class=\"wp-block-media-text__content\"><!-- wp:heading {\"style\":{\"typography\":{\"fontSize\":\"32px\"},\"color\":{\"text\":\"#000000\"}}} -->\n<h2 class=\"has-text-color\" style=\"color:#000000;font-size:32px\"><strong>What\'s the problem?</strong></h2>\n<!-- /wp:heading -->\n\n<!-- wp:paragraph {\"style\":{\"typography\":{\"fontSize\":\"17px\"},\"color\":{\"text\":\"#000000\"}}} -->\n<p class=\"has-text-color\" style=\"color:#000000;font-size:17px\">Trees are more important today than ever before. More than 10,000 products are reportedly made from trees. Through chemistry, the humble woodpile is yielding chemicals, plastics and fabrics that were beyond comprehension when an axe first felled a Texas tree.</p>\n<!-- /wp:paragraph -->\n\n<!-- wp:buttons -->\n<div class=\"wp-block-buttons\"><!-- wp:button {\"className\":\"is-style-fill\"} -->\n<div class=\"wp-block-button is-style-fill\"><a class=\"wp-block-button__link\">Learn more</a></div>\n<!-- /wp:button --></div>\n<!-- /wp:buttons --></div></div>\n<!-- /wp:media-text --></div></div>\n<!-- /wp:cover -->\";}i:4;O:8:\"stdClass\":7:{s:2:\"id\";i:192;s:5:\"title\";O:8:\"stdClass\":1:{s:8:\"rendered\";s:37:\"Media and text with image on the left\";}s:7:\"content\";O:8:\"stdClass\":2:{s:8:\"rendered\";s:537:\"\n<div class=\"wp-block-media-text alignfull is-stacked-on-mobile is-vertically-aligned-center\"><figure class=\"wp-block-media-text__media\"><img decoding=\"async\" src=\"https://s.w.org/images/core/5.8/architecture-04.jpg\" alt=\"Close-up, abstract view of architecture.\" /></figure><div class=\"wp-block-media-text__content\">\n<h3 class=\"has-text-align-center has-text-color\" style=\"color:#000000\"><strong>Open Spaces</strong></h3>\n\n\n\n<p class=\"has-text-align-center has-extra-small-font-size\"><a href=\"#\">See case study ↗</a></p>\n</div></div>\n\";s:9:\"protected\";b:0;}s:4:\"meta\";O:8:\"stdClass\":6:{s:10:\"spay_email\";s:0:\"\";s:13:\"wpop_keywords\";s:0:\"\";s:16:\"wpop_description\";s:66:\"Media and text block with image to the left and text to the right.\";s:19:\"wpop_viewport_width\";i:1200;s:16:\"wpop_block_types\";a:0:{}s:11:\"wpop_locale\";s:5:\"en_US\";}s:14:\"category_slugs\";a:2:{i:0;s:8:\"featured\";i:1;s:6:\"header\";}s:13:\"keyword_slugs\";a:1:{i:0;s:4:\"core\";}s:15:\"pattern_content\";s:827:\"<!-- wp:media-text {\"align\":\"full\",\"mediaType\":\"image\",\"verticalAlignment\":\"center\"} -->\n<div class=\"wp-block-media-text alignfull is-stacked-on-mobile is-vertically-aligned-center\"><figure class=\"wp-block-media-text__media\"><img src=\"https://s.w.org/images/core/5.8/architecture-04.jpg\" alt=\"Close-up, abstract view of architecture.\" /></figure><div class=\"wp-block-media-text__content\"><!-- wp:heading {\"textAlign\":\"center\",\"level\":3,\"style\":{\"color\":{\"text\":\"#000000\"}}} -->\n<h3 class=\"has-text-align-center has-text-color\" style=\"color:#000000\"><strong>Open Spaces</strong></h3>\n<!-- /wp:heading -->\n\n<!-- wp:paragraph {\"align\":\"center\",\"fontSize\":\"extra-small\"} -->\n<p class=\"has-text-align-center has-extra-small-font-size\"><a href=\"#\">See case study ↗</a></p>\n<!-- /wp:paragraph --></div></div>\n<!-- /wp:media-text -->\";}i:5;O:8:\"stdClass\":7:{s:2:\"id\";i:195;s:5:\"title\";O:8:\"stdClass\":1:{s:8:\"rendered\";s:38:\"Media and text with image on the right\";}s:7:\"content\";O:8:\"stdClass\":2:{s:8:\"rendered\";s:702:\"\n<div class=\"wp-block-media-text alignfull has-media-on-the-right is-stacked-on-mobile is-vertically-aligned-center is-style-default\" style=\"grid-template-columns:auto 56%\"><figure class=\"wp-block-media-text__media\"><img decoding=\"async\" src=\"https://s.w.org/images/core/5.8/art-02.jpg\" alt=\"A green and brown rural landscape leading into a bright blue ocean and slightly cloudy sky, done in oil paints.\" /></figure><div class=\"wp-block-media-text__content\">\n<h2 class=\"has-text-color\" style=\"color:#000000\"><strong>Shore with Blue Sea</strong></h2>\n\n\n\n<p class=\"has-text-color\" style=\"color:#636363;font-size:17px;line-height:1.1\">Eleanor Harris&nbsp;(American, 1901-1942)</p>\n</div></div>\n\n\n\n<p></p>\n\";s:9:\"protected\";b:0;}s:4:\"meta\";O:8:\"stdClass\":6:{s:10:\"spay_email\";s:0:\"\";s:13:\"wpop_keywords\";s:0:\"\";s:16:\"wpop_description\";s:66:\"Media and text block with image to the right and text to the left.\";s:19:\"wpop_viewport_width\";i:1200;s:16:\"wpop_block_types\";a:0:{}s:11:\"wpop_locale\";s:5:\"en_US\";}s:14:\"category_slugs\";a:1:{i:0;s:6:\"header\";}s:13:\"keyword_slugs\";a:1:{i:0;s:4:\"core\";}s:15:\"pattern_content\";s:1138:\"<!-- wp:media-text {\"align\":\"full\",\"mediaPosition\":\"right\",\"mediaLink\":\"#\",\"mediaType\":\"image\",\"mediaWidth\":56,\"verticalAlignment\":\"center\",\"className\":\"is-style-default\"} -->\n<div class=\"wp-block-media-text alignfull has-media-on-the-right is-stacked-on-mobile is-vertically-aligned-center is-style-default\" style=\"grid-template-columns:auto 56%\"><figure class=\"wp-block-media-text__media\"><img src=\"https://s.w.org/images/core/5.8/art-02.jpg\" alt=\"A green and brown rural landscape leading into a bright blue ocean and slightly cloudy sky, done in oil paints.\" /></figure><div class=\"wp-block-media-text__content\"><!-- wp:heading {\"style\":{\"color\":{\"text\":\"#000000\"}}} -->\n<h2 class=\"has-text-color\" style=\"color:#000000\"><strong>Shore with Blue Sea</strong></h2>\n<!-- /wp:heading -->\n\n<!-- wp:paragraph {\"style\":{\"typography\":{\"lineHeight\":\"1.1\",\"fontSize\":\"17px\"},\"color\":{\"text\":\"#636363\"}}} -->\n<p class=\"has-text-color\" style=\"color:#636363;font-size:17px;line-height:1.1\">Eleanor Harris&nbsp;(American, 1901-1942)</p>\n<!-- /wp:paragraph --></div></div>\n<!-- /wp:media-text -->\n\n<!-- wp:paragraph -->\n<p></p>\n<!-- /wp:paragraph -->\";}i:6;O:8:\"stdClass\":7:{s:2:\"id\";i:27;s:5:\"title\";O:8:\"stdClass\":1:{s:8:\"rendered\";s:5:\"Quote\";}s:7:\"content\";O:8:\"stdClass\":2:{s:8:\"rendered\";s:673:\"\n<hr class=\"wp-block-separator is-style-default\" />\n\n\n\n<div class=\"wp-block-image is-style-rounded\"><figure class=\"aligncenter size-large is-resized\"><img decoding=\"async\" loading=\"lazy\" src=\"https://s.w.org/images/core/5.8/portrait.jpg\" alt=\"A side profile of a woman in a russet-colored turtleneck and white bag. She looks up with her eyes closed.\" width=\"150\" height=\"150\" /></figure></div>\n\n\n\n<blockquote class=\"wp-block-quote has-text-align-center is-style-large\"><p>&#8220;Contributing makes me feel like I&#8217;m being useful to the planet.&#8221;</p><cite>— Anna Wong, <em>Volunteer</em></cite></blockquote>\n\n\n\n<hr class=\"wp-block-separator is-style-default\" />\n\";s:9:\"protected\";b:0;}s:4:\"meta\";O:8:\"stdClass\":6:{s:10:\"spay_email\";s:0:\"\";s:13:\"wpop_keywords\";s:0:\"\";s:16:\"wpop_description\";s:0:\"\";s:19:\"wpop_viewport_width\";i:800;s:16:\"wpop_block_types\";a:1:{i:0;s:10:\"core/quote\";}s:11:\"wpop_locale\";s:5:\"en_US\";}s:14:\"category_slugs\";a:1:{i:0;s:4:\"text\";}s:13:\"keyword_slugs\";a:1:{i:0;s:4:\"core\";}s:15:\"pattern_content\";s:1012:\"<!-- wp:separator {\"className\":\"is-style-default\"} -->\n<hr class=\"wp-block-separator is-style-default\" />\n<!-- /wp:separator -->\n\n<!-- wp:image {\"align\":\"center\",\"width\":150,\"height\":150,\"sizeSlug\":\"large\",\"linkDestination\":\"none\",\"className\":\"is-style-rounded\"} -->\n<div class=\"wp-block-image is-style-rounded\"><figure class=\"aligncenter size-large is-resized\"><img src=\"https://s.w.org/images/core/5.8/portrait.jpg\" alt=\"A side profile of a woman in a russet-colored turtleneck and white bag. She looks up with her eyes closed.\" width=\"150\" height=\"150\" /></figure></div>\n<!-- /wp:image -->\n\n<!-- wp:quote {\"align\":\"center\",\"className\":\"is-style-large\"} -->\n<blockquote class=\"wp-block-quote has-text-align-center is-style-large\"><p>\"Contributing makes me feel like I\'m being useful to the planet.\"</p><cite>— Anna Wong, <em>Volunteer</em></cite></blockquote>\n<!-- /wp:quote -->\n\n<!-- wp:separator {\"className\":\"is-style-default\"} -->\n<hr class=\"wp-block-separator is-style-default\" />\n<!-- /wp:separator -->\";}i:7;O:8:\"stdClass\":7:{s:2:\"id\";i:200;s:5:\"title\";O:8:\"stdClass\":1:{s:8:\"rendered\";s:21:\"Three columns of text\";}s:7:\"content\";O:8:\"stdClass\":2:{s:8:\"rendered\";s:877:\"\n<div class=\"is-layout-flex wp-container-12 wp-block-columns alignfull has-text-color has-background\" style=\"background-color:#ffffff;color:#000000\">\n<div class=\"is-layout-flow wp-block-column\">\n<h3 style=\"font-size:24px;line-height:1.3\"><strong><a href=\"http://wordpress.org\">Virtual Tour ↗</a></strong></h3>\n\n\n\n<p>Get a virtual tour of the museum. Ideal for schools and events.</p>\n</div>\n\n\n\n<div class=\"is-layout-flow wp-block-column\">\n<h3 style=\"font-size:24px;line-height:1.3\"><strong><a href=\"https://wordpress.org\">Current Shows ↗</a></strong></h3>\n\n\n\n<p>Stay updated and see our current exhibitions here.</p>\n</div>\n\n\n\n<div class=\"is-layout-flow wp-block-column\">\n<h3 style=\"font-size:24px;line-height:1.3\"><strong><a href=\"https://wordpress.org\">Useful Info ↗</a></strong></h3>\n\n\n\n<p>Get to know our opening times, ticket prices and discounts.</p>\n</div>\n</div>\n\";s:9:\"protected\";b:0;}s:4:\"meta\";O:8:\"stdClass\":6:{s:10:\"spay_email\";s:0:\"\";s:13:\"wpop_keywords\";s:0:\"\";s:16:\"wpop_description\";s:22:\"Three columns of text.\";s:19:\"wpop_viewport_width\";i:1200;s:16:\"wpop_block_types\";a:0:{}s:11:\"wpop_locale\";s:5:\"en_US\";}s:14:\"category_slugs\";a:3:{i:0;s:7:\"columns\";i:1;s:8:\"featured\";i:2;s:4:\"text\";}s:13:\"keyword_slugs\";a:1:{i:0;s:4:\"core\";}s:15:\"pattern_content\";s:1496:\"<!-- wp:columns {\"align\":\"full\",\"style\":{\"color\":{\"text\":\"#000000\",\"background\":\"#ffffff\"}}} -->\n<div class=\"wp-block-columns alignfull has-text-color has-background\" style=\"background-color:#ffffff;color:#000000\"><!-- wp:column -->\n<div class=\"wp-block-column\"><!-- wp:heading {\"level\":3,\"style\":{\"typography\":{\"fontSize\":\"24px\",\"lineHeight\":\"1.3\"}}} -->\n<h3 style=\"font-size:24px;line-height:1.3\"><strong><a href=\"http://wordpress.org\">Virtual Tour ↗</a></strong></h3>\n<!-- /wp:heading -->\n\n<!-- wp:paragraph -->\n<p>Get a virtual tour of the museum. Ideal for schools and events.</p>\n<!-- /wp:paragraph --></div>\n<!-- /wp:column -->\n\n<!-- wp:column -->\n<div class=\"wp-block-column\"><!-- wp:heading {\"level\":3,\"style\":{\"typography\":{\"fontSize\":\"24px\",\"lineHeight\":\"1.3\"}}} -->\n<h3 style=\"font-size:24px;line-height:1.3\"><strong><a href=\"https://wordpress.org\">Current Shows ↗</a></strong></h3>\n<!-- /wp:heading -->\n\n<!-- wp:paragraph -->\n<p>Stay updated and see our current exhibitions here.</p>\n<!-- /wp:paragraph --></div>\n<!-- /wp:column -->\n\n<!-- wp:column -->\n<div class=\"wp-block-column\"><!-- wp:heading {\"level\":3,\"style\":{\"typography\":{\"fontSize\":\"24px\",\"lineHeight\":\"1.3\"}}} -->\n<h3 style=\"font-size:24px;line-height:1.3\"><strong><a href=\"https://wordpress.org\">Useful Info ↗</a></strong></h3>\n<!-- /wp:heading -->\n\n<!-- wp:paragraph -->\n<p>Get to know our opening times, ticket prices and discounts.</p>\n<!-- /wp:paragraph --></div>\n<!-- /wp:column --></div>\n<!-- /wp:columns -->\";}i:8;O:8:\"stdClass\":7:{s:2:\"id\";i:199;s:5:\"title\";O:8:\"stdClass\":1:{s:8:\"rendered\";s:34:\"Three columns with images and text\";}s:7:\"content\";O:8:\"stdClass\":2:{s:8:\"rendered\";s:2823:\"\n<div class=\"is-layout-flow wp-block-group alignfull has-background\" style=\"background-color:#f8f4e4\">\n<div class=\"is-layout-flex wp-container-14 wp-block-columns alignwide\">\n<div class=\"is-layout-flow wp-block-column\">\n<div style=\"height:100px\" aria-hidden=\"true\" class=\"wp-block-spacer\"></div>\n\n\n\n<h6 class=\"has-text-color\" id=\"ecosystem\" style=\"color:#000000\">ECOSYSTEM</h6>\n\n\n\n<p class=\"has-text-color\" style=\"color:#000000;font-size:5vw;line-height:1.1\"><strong>Positive growth.</strong></p>\n\n\n\n<div style=\"height:5px\" aria-hidden=\"true\" class=\"wp-block-spacer\"></div>\n</div>\n</div>\n\n\n\n<div class=\"is-layout-flex wp-container-18 wp-block-columns alignwide\">\n<div class=\"is-layout-flow wp-block-column\" style=\"flex-basis:33.38%\">\n<p class=\"has-text-color has-extra-small-font-size\" style=\"color:#000000\"><em>Nature</em>, in the common sense, refers to essences unchanged by man; space, the air, the river, the leaf.&nbsp;<em>Art</em>&nbsp;is applied to the mixture of his will with the same things, as in a house, a canal, a statue, a picture. But his operations taken together are so insignificant, a little chipping, baking, patching, and washing, that in an impression so grand as that of the world on the human mind, they do not vary the result.</p>\n</div>\n\n\n\n<div class=\"is-layout-flow wp-block-column\" style=\"flex-basis:33%\">\n<div style=\"height:100px\" aria-hidden=\"true\" class=\"wp-block-spacer\"></div>\n\n\n\n<figure class=\"wp-block-image size-large\"><img decoding=\"async\" src=\"https://s.w.org/images/core/5.8/outside-01.jpg\" alt=\"The sun setting through a dense forest.\" /></figure>\n</div>\n\n\n\n<div class=\"is-layout-flow wp-block-column\" style=\"flex-basis:33.62%\">\n<figure class=\"wp-block-image size-large\"><img decoding=\"async\" src=\"https://s.w.org/images/core/5.8/outside-02.jpg\" alt=\"Wind turbines standing on a grassy plain, against a blue sky.\" /></figure>\n</div>\n</div>\n\n\n\n<div class=\"is-layout-flex wp-container-21 wp-block-columns alignwide\">\n<div class=\"is-layout-flow wp-block-column\" style=\"flex-basis:67%\">\n<div class=\"wp-block-image\"><figure class=\"alignright size-large\"><img decoding=\"async\" src=\"https://s.w.org/images/core/5.8/outside-03.jpg\" alt=\"The sun shining over a ridge leading down into the shore. In the distance, a car drives down a road.\" /></figure></div>\n</div>\n\n\n\n<div class=\"is-layout-flow wp-block-column is-vertically-aligned-center\" style=\"flex-basis:33%\">\n<p class=\"has-text-color has-extra-small-font-size\" style=\"color:#000000\">Undoubtedly we have no questions to ask which are unanswerable. We must trust the perfection of the creation so far, as to believe that whatever curiosity the order of things has awakened in our minds, the order of things can satisfy. Every man&#8217;s condition is a solution in hieroglyphic to those inquiries he would put.</p>\n</div>\n</div>\n</div>\n\";s:9:\"protected\";b:0;}s:4:\"meta\";O:8:\"stdClass\":6:{s:10:\"spay_email\";s:0:\"\";s:13:\"wpop_keywords\";s:0:\"\";s:16:\"wpop_description\";s:77:\"Three columns with images and text, with vertical spacing for an offset look.\";s:19:\"wpop_viewport_width\";i:1200;s:16:\"wpop_block_types\";a:0:{}s:11:\"wpop_locale\";s:5:\"en_US\";}s:14:\"category_slugs\";a:2:{i:0;s:7:\"columns\";i:1;s:8:\"featured\";}s:13:\"keyword_slugs\";a:1:{i:0;s:4:\"core\";}s:15:\"pattern_content\";s:3990:\"<!-- wp:group {\"align\":\"full\",\"style\":{\"color\":{\"background\":\"#f8f4e4\"}}} -->\n<div class=\"wp-block-group alignfull has-background\" style=\"background-color:#f8f4e4\"><!-- wp:columns {\"align\":\"wide\"} -->\n<div class=\"wp-block-columns alignwide\"><!-- wp:column -->\n<div class=\"wp-block-column\"><!-- wp:spacer -->\n<div style=\"height:100px\" aria-hidden=\"true\" class=\"wp-block-spacer\"></div>\n<!-- /wp:spacer -->\n\n<!-- wp:heading {\"level\":6,\"style\":{\"color\":{\"text\":\"#000000\"}}} -->\n<h6 class=\"has-text-color\" id=\"ecosystem\" style=\"color:#000000\">ECOSYSTEM</h6>\n<!-- /wp:heading -->\n\n<!-- wp:paragraph {\"style\":{\"typography\":{\"lineHeight\":\"1.1\",\"fontSize\":\"5vw\"},\"color\":{\"text\":\"#000000\"}}} -->\n<p class=\"has-text-color\" style=\"color:#000000;font-size:5vw;line-height:1.1\"><strong>Positive growth.</strong></p>\n<!-- /wp:paragraph -->\n\n<!-- wp:spacer {\"height\":\"5px\"} -->\n<div style=\"height:5px\" aria-hidden=\"true\" class=\"wp-block-spacer\"></div>\n<!-- /wp:spacer --></div>\n<!-- /wp:column --></div>\n<!-- /wp:columns -->\n\n<!-- wp:columns {\"align\":\"wide\"} -->\n<div class=\"wp-block-columns alignwide\"><!-- wp:column {\"width\":\"33.38%\"} -->\n<div class=\"wp-block-column\" style=\"flex-basis:33.38%\"><!-- wp:paragraph {\"style\":{\"color\":{\"text\":\"#000000\"}},\"fontSize\":\"extra-small\"} -->\n<p class=\"has-text-color has-extra-small-font-size\" style=\"color:#000000\"><em>Nature</em>, in the common sense, refers to essences unchanged by man; space, the air, the river, the leaf.&nbsp;<em>Art</em>&nbsp;is applied to the mixture of his will with the same things, as in a house, a canal, a statue, a picture. But his operations taken together are so insignificant, a little chipping, baking, patching, and washing, that in an impression so grand as that of the world on the human mind, they do not vary the result.</p>\n<!-- /wp:paragraph --></div>\n<!-- /wp:column -->\n\n<!-- wp:column {\"width\":\"33%\"} -->\n<div class=\"wp-block-column\" style=\"flex-basis:33%\"><!-- wp:spacer -->\n<div style=\"height:100px\" aria-hidden=\"true\" class=\"wp-block-spacer\"></div>\n<!-- /wp:spacer -->\n\n<!-- wp:image {\"sizeSlug\":\"large\",\"linkDestination\":\"none\"} -->\n<figure class=\"wp-block-image size-large\"><img src=\"https://s.w.org/images/core/5.8/outside-01.jpg\" alt=\"The sun setting through a dense forest.\" /></figure>\n<!-- /wp:image --></div>\n<!-- /wp:column -->\n\n<!-- wp:column {\"width\":\"33.62%\"} -->\n<div class=\"wp-block-column\" style=\"flex-basis:33.62%\"><!-- wp:image {\"sizeSlug\":\"large\",\"linkDestination\":\"none\"} -->\n<figure class=\"wp-block-image size-large\"><img src=\"https://s.w.org/images/core/5.8/outside-02.jpg\" alt=\"Wind turbines standing on a grassy plain, against a blue sky.\" /></figure>\n<!-- /wp:image --></div>\n<!-- /wp:column --></div>\n<!-- /wp:columns -->\n\n<!-- wp:columns {\"align\":\"wide\"} -->\n<div class=\"wp-block-columns alignwide\"><!-- wp:column {\"width\":\"67%\"} -->\n<div class=\"wp-block-column\" style=\"flex-basis:67%\"><!-- wp:image {\"align\":\"right\",\"sizeSlug\":\"large\",\"linkDestination\":\"none\"} -->\n<div class=\"wp-block-image\"><figure class=\"alignright size-large\"><img src=\"https://s.w.org/images/core/5.8/outside-03.jpg\" alt=\"The sun shining over a ridge leading down into the shore. In the distance, a car drives down a road.\" /></figure></div>\n<!-- /wp:image --></div>\n<!-- /wp:column -->\n\n<!-- wp:column {\"verticalAlignment\":\"center\",\"width\":\"33%\"} -->\n<div class=\"wp-block-column is-vertically-aligned-center\" style=\"flex-basis:33%\"><!-- wp:paragraph {\"style\":{\"color\":{\"text\":\"#000000\"}},\"fontSize\":\"extra-small\"} -->\n<p class=\"has-text-color has-extra-small-font-size\" style=\"color:#000000\">Undoubtedly we have no questions to ask which are unanswerable. We must trust the perfection of the creation so far, as to believe that whatever curiosity the order of things has awakened in our minds, the order of things can satisfy. Every man\'s condition is a solution in hieroglyphic to those inquiries he would put.</p>\n<!-- /wp:paragraph --></div>\n<!-- /wp:column --></div>\n<!-- /wp:columns --></div>\n<!-- /wp:group -->\";}i:9;O:8:\"stdClass\":7:{s:2:\"id\";i:201;s:5:\"title\";O:8:\"stdClass\":1:{s:8:\"rendered\";s:32:\"Three columns with offset images\";}s:7:\"content\";O:8:\"stdClass\":2:{s:8:\"rendered\";s:1204:\"\n<div class=\"is-layout-flex wp-container-26 wp-block-columns alignwide\">\n<div class=\"is-layout-flow wp-block-column\" style=\"flex-basis:25%\">\n<figure class=\"wp-block-image size-large is-style-default\"><img decoding=\"async\" src=\"https://s.w.org/images/core/5.8/architecture-01.jpg\" alt=\"Close-up, abstract view of geometric architecture.\" /></figure>\n</div>\n\n\n\n<div class=\"is-layout-flow wp-block-column\" style=\"flex-basis:25%\">\n<div style=\"height:500px\" aria-hidden=\"true\" class=\"wp-block-spacer\"></div>\n\n\n\n<div style=\"height:150px\" aria-hidden=\"true\" class=\"wp-block-spacer\"></div>\n\n\n\n<figure class=\"wp-block-image size-large\"><img decoding=\"async\" src=\"https://s.w.org/images/core/5.8/architecture-02.jpg\" alt=\"Close-up, angled view of a window on a white building.\" /></figure>\n</div>\n\n\n\n<div class=\"is-layout-flow wp-block-column\" style=\"flex-basis:45%\">\n<figure class=\"wp-block-image size-large is-style-default\"><img decoding=\"async\" src=\"https://s.w.org/images/core/5.8/architecture-03.jpg\" alt=\"Close-up of the corner of a white, geometric building with both sharp points and round corners.\" /></figure>\n\n\n\n<div style=\"height:285px\" aria-hidden=\"true\" class=\"wp-block-spacer\"></div>\n</div>\n</div>\n\";s:9:\"protected\";b:0;}s:4:\"meta\";O:8:\"stdClass\":6:{s:10:\"spay_email\";s:0:\"\";s:13:\"wpop_keywords\";s:0:\"\";s:16:\"wpop_description\";s:33:\"Three columns with offset images.\";s:19:\"wpop_viewport_width\";i:1200;s:16:\"wpop_block_types\";a:0:{}s:11:\"wpop_locale\";s:5:\"en_US\";}s:14:\"category_slugs\";a:2:{i:0;s:7:\"gallery\";i:1;s:6:\"images\";}s:13:\"keyword_slugs\";a:1:{i:0;s:4:\"core\";}s:15:\"pattern_content\";s:1753:\"<!-- wp:columns {\"align\":\"wide\"} -->\n<div class=\"wp-block-columns alignwide\"><!-- wp:column {\"width\":\"25%\"} -->\n<div class=\"wp-block-column\" style=\"flex-basis:25%\"><!-- wp:image {\"sizeSlug\":\"large\",\"linkDestination\":\"none\",\"className\":\"is-style-default\"} -->\n<figure class=\"wp-block-image size-large is-style-default\"><img src=\"https://s.w.org/images/core/5.8/architecture-01.jpg\" alt=\"Close-up, abstract view of geometric architecture.\" /></figure>\n<!-- /wp:image --></div>\n<!-- /wp:column -->\n\n<!-- wp:column {\"width\":\"25%\"} -->\n<div class=\"wp-block-column\" style=\"flex-basis:25%\"><!-- wp:spacer {\"height\":500} -->\n<div style=\"height:500px\" aria-hidden=\"true\" class=\"wp-block-spacer\"></div>\n<!-- /wp:spacer -->\n\n<!-- wp:spacer {\"height\":150} -->\n<div style=\"height:150px\" aria-hidden=\"true\" class=\"wp-block-spacer\"></div>\n<!-- /wp:spacer -->\n\n<!-- wp:image {\"sizeSlug\":\"large\",\"linkDestination\":\"none\"} -->\n<figure class=\"wp-block-image size-large\"><img src=\"https://s.w.org/images/core/5.8/architecture-02.jpg\" alt=\"Close-up, angled view of a window on a white building.\" /></figure>\n<!-- /wp:image --></div>\n<!-- /wp:column -->\n\n<!-- wp:column {\"width\":\"45%\"} -->\n<div class=\"wp-block-column\" style=\"flex-basis:45%\"><!-- wp:image {\"sizeSlug\":\"large\",\"linkDestination\":\"none\",\"className\":\"is-style-default\"} -->\n<figure class=\"wp-block-image size-large is-style-default\"><img src=\"https://s.w.org/images/core/5.8/architecture-03.jpg\" alt=\"Close-up of the corner of a white, geometric building with both sharp points and round corners.\" /></figure>\n<!-- /wp:image -->\n\n<!-- wp:spacer {\"height\":285} -->\n<div style=\"height:285px\" aria-hidden=\"true\" class=\"wp-block-spacer\"></div>\n<!-- /wp:spacer --></div>\n<!-- /wp:column --></div>\n<!-- /wp:columns -->\";}i:10;O:8:\"stdClass\":7:{s:2:\"id\";i:29;s:5:\"title\";O:8:\"stdClass\":1:{s:8:\"rendered\";s:29:\"Two columns of text and title\";}s:7:\"content\";O:8:\"stdClass\":2:{s:8:\"rendered\";s:1398:\"\n<h2 style=\"font-size:38px;line-height:1.4\"><strong>The voyage had begun, and had begun happily with a soft blue sky, and a calm sea.</strong></h2>\n\n\n\n<div class=\"is-layout-flex wp-container-29 wp-block-columns\">\n<div class=\"is-layout-flow wp-block-column\">\n<p style=\"font-size:18px\">They followed her on to the deck. All the smoke and the houses had disappeared, and the ship was out in a wide space of sea very fresh and clear though pale in the early light. They had left London sitting on its mud. A very thin line of shadow tapered on the horizon, scarcely thick enough to stand the burden of Paris, which nevertheless rested upon it. They were free of roads, free of mankind, and the same exhilaration at their freedom ran through them all.</p>\n</div>\n\n\n\n<div class=\"is-layout-flow wp-block-column\">\n<p style=\"font-size:18px\">The ship was making her way steadily through small waves which slapped her and then fizzled like effervescing water, leaving a little border of bubbles and foam on either side. The colourless October sky above was thinly clouded as if by the trail of wood-fire smoke, and the air was wonderfully salt and brisk. Indeed it was too cold to stand still. Mrs. Ambrose drew her arm within her husband&#8217;s, and as they moved off it could be seen from the way in which her sloping cheek turned up to his that she had something private to communicate.</p>\n</div>\n</div>\n\";s:9:\"protected\";b:0;}s:4:\"meta\";O:8:\"stdClass\":6:{s:10:\"spay_email\";s:0:\"\";s:13:\"wpop_keywords\";s:0:\"\";s:16:\"wpop_description\";s:47:\"Two columns of text preceded by a long heading.\";s:19:\"wpop_viewport_width\";i:1200;s:16:\"wpop_block_types\";a:0:{}s:11:\"wpop_locale\";s:5:\"en_US\";}s:14:\"category_slugs\";a:2:{i:0;s:7:\"columns\";i:1;s:4:\"text\";}s:13:\"keyword_slugs\";a:1:{i:0;s:4:\"core\";}s:15:\"pattern_content\";s:1711:\"<!-- wp:heading {\"style\":{\"typography\":{\"fontSize\":38,\"lineHeight\":\"1.4\"}}} -->\n<h2 style=\"font-size:38px;line-height:1.4\"><strong>The voyage had begun, and had begun happily with a soft blue sky, and a calm sea.</strong></h2>\n<!-- /wp:heading -->\n\n<!-- wp:columns -->\n<div class=\"wp-block-columns\"><!-- wp:column -->\n<div class=\"wp-block-column\"><!-- wp:paragraph {\"style\":{\"typography\":{\"fontSize\":18}}} -->\n<p style=\"font-size:18px\">They followed her on to the deck. All the smoke and the houses had disappeared, and the ship was out in a wide space of sea very fresh and clear though pale in the early light. They had left London sitting on its mud. A very thin line of shadow tapered on the horizon, scarcely thick enough to stand the burden of Paris, which nevertheless rested upon it. They were free of roads, free of mankind, and the same exhilaration at their freedom ran through them all.</p>\n<!-- /wp:paragraph --></div>\n<!-- /wp:column -->\n\n<!-- wp:column -->\n<div class=\"wp-block-column\"><!-- wp:paragraph {\"style\":{\"typography\":{\"fontSize\":18}}} -->\n<p style=\"font-size:18px\">The ship was making her way steadily through small waves which slapped her and then fizzled like effervescing water, leaving a little border of bubbles and foam on either side. The colourless October sky above was thinly clouded as if by the trail of wood-fire smoke, and the air was wonderfully salt and brisk. Indeed it was too cold to stand still. Mrs. Ambrose drew her arm within her husband\'s, and as they moved off it could be seen from the way in which her sloping cheek turned up to his that she had something private to communicate.</p>\n<!-- /wp:paragraph --></div>\n<!-- /wp:column --></div>\n<!-- /wp:columns -->\";}i:11;O:8:\"stdClass\":7:{s:2:\"id\";i:197;s:5:\"title\";O:8:\"stdClass\":1:{s:8:\"rendered\";s:39:\"Two columns of text with offset heading\";}s:7:\"content\";O:8:\"stdClass\":2:{s:8:\"rendered\";s:1989:\"\n<div class=\"is-layout-flow wp-block-group alignfull has-background\" style=\"background-color:#f2f0e9\">\n<div style=\"height:70px\" aria-hidden=\"true\" class=\"wp-block-spacer\"></div>\n\n\n\n<div class=\"is-layout-flex wp-container-32 wp-block-columns alignwide are-vertically-aligned-center\">\n<div class=\"is-layout-flow wp-block-column\" style=\"flex-basis:50%\">\n<p class=\"has-text-color\" style=\"color:#000000;font-size:30px;line-height:1.1\"><strong>Oceanic Inspiration</strong></p>\n</div>\n\n\n\n<div class=\"is-layout-flow wp-block-column\" style=\"flex-basis:50%\">\n<hr class=\"wp-block-separator has-text-color has-background is-style-wide\" style=\"background-color:#000000;color:#000000\" />\n</div>\n</div>\n\n\n\n<div class=\"is-layout-flex wp-container-36 wp-block-columns alignwide\">\n<div class=\"is-layout-flow wp-block-column\"></div>\n\n\n\n<div class=\"is-layout-flow wp-block-column\">\n<p class=\"has-text-color has-extra-small-font-size\" style=\"color:#000000\">Winding veils round their heads, the women walked on deck. They were now moving steadily down the river, passing the dark shapes of ships at anchor, and London was a swarm of lights with a pale yellow canopy drooping above it. There were the lights of the great theatres, the lights of the long streets, lights that indicated huge squares of domestic comfort, lights that hung high in air.</p>\n</div>\n\n\n\n<div class=\"is-layout-flow wp-block-column\">\n<p class=\"has-text-color has-extra-small-font-size\" style=\"color:#000000\">No darkness would ever settle upon those lamps, as no darkness had settled upon them for hundreds of years. It seemed dreadful that the town should blaze for ever in the same spot; dreadful at least to people going away to adventure upon the sea, and beholding it as a circumscribed mound, eternally burnt, eternally scarred. From the deck of the ship the great city appeared a crouched and cowardly figure, a sedentary miser.</p>\n</div>\n</div>\n\n\n\n<div style=\"height:40px\" aria-hidden=\"true\" class=\"wp-block-spacer\"></div>\n</div>\n\";s:9:\"protected\";b:0;}s:4:\"meta\";O:8:\"stdClass\":6:{s:10:\"spay_email\";s:0:\"\";s:13:\"wpop_keywords\";s:0:\"\";s:16:\"wpop_description\";s:43:\"Two columns of text with an offset heading.\";s:19:\"wpop_viewport_width\";i:1200;s:16:\"wpop_block_types\";a:0:{}s:11:\"wpop_locale\";s:5:\"en_US\";}s:14:\"category_slugs\";a:2:{i:0;s:7:\"columns\";i:1;s:4:\"text\";}s:13:\"keyword_slugs\";a:1:{i:0;s:4:\"core\";}s:15:\"pattern_content\";s:2837:\"<!-- wp:group {\"align\":\"full\",\"style\":{\"color\":{\"background\":\"#f2f0e9\"}}} -->\n<div class=\"wp-block-group alignfull has-background\" style=\"background-color:#f2f0e9\"><!-- wp:spacer {\"height\":70} -->\n<div style=\"height:70px\" aria-hidden=\"true\" class=\"wp-block-spacer\"></div>\n<!-- /wp:spacer -->\n\n<!-- wp:columns {\"verticalAlignment\":\"center\",\"align\":\"wide\"} -->\n<div class=\"wp-block-columns alignwide are-vertically-aligned-center\"><!-- wp:column {\"width\":\"50%\"} -->\n<div class=\"wp-block-column\" style=\"flex-basis:50%\"><!-- wp:paragraph {\"style\":{\"typography\":{\"lineHeight\":\"1.1\",\"fontSize\":\"30px\"},\"color\":{\"text\":\"#000000\"}}} -->\n<p class=\"has-text-color\" style=\"color:#000000;font-size:30px;line-height:1.1\"><strong>Oceanic Inspiration</strong></p>\n<!-- /wp:paragraph --></div>\n<!-- /wp:column -->\n\n<!-- wp:column {\"width\":\"50%\"} -->\n<div class=\"wp-block-column\" style=\"flex-basis:50%\"><!-- wp:separator {\"customColor\":\"#000000\",\"className\":\"is-style-wide\"} -->\n<hr class=\"wp-block-separator has-text-color has-background is-style-wide\" style=\"background-color:#000000;color:#000000\" />\n<!-- /wp:separator --></div>\n<!-- /wp:column --></div>\n<!-- /wp:columns -->\n\n<!-- wp:columns {\"align\":\"wide\"} -->\n<div class=\"wp-block-columns alignwide\"><!-- wp:column -->\n<div class=\"wp-block-column\"></div>\n<!-- /wp:column -->\n\n<!-- wp:column -->\n<div class=\"wp-block-column\"><!-- wp:paragraph {\"style\":{\"color\":{\"text\":\"#000000\"}},\"fontSize\":\"extra-small\"} -->\n<p class=\"has-text-color has-extra-small-font-size\" style=\"color:#000000\">Winding veils round their heads, the women walked on deck. They were now moving steadily down the river, passing the dark shapes of ships at anchor, and London was a swarm of lights with a pale yellow canopy drooping above it. There were the lights of the great theatres, the lights of the long streets, lights that indicated huge squares of domestic comfort, lights that hung high in air.</p>\n<!-- /wp:paragraph --></div>\n<!-- /wp:column -->\n\n<!-- wp:column -->\n<div class=\"wp-block-column\"><!-- wp:paragraph {\"style\":{\"color\":{\"text\":\"#000000\"}},\"fontSize\":\"extra-small\"} -->\n<p class=\"has-text-color has-extra-small-font-size\" style=\"color:#000000\">No darkness would ever settle upon those lamps, as no darkness had settled upon them for hundreds of years. It seemed dreadful that the town should blaze for ever in the same spot; dreadful at least to people going away to adventure upon the sea, and beholding it as a circumscribed mound, eternally burnt, eternally scarred. From the deck of the ship the great city appeared a crouched and cowardly figure, a sedentary miser.</p>\n<!-- /wp:paragraph --></div>\n<!-- /wp:column --></div>\n<!-- /wp:columns -->\n\n<!-- wp:spacer {\"height\":40} -->\n<div style=\"height:40px\" aria-hidden=\"true\" class=\"wp-block-spacer\"></div>\n<!-- /wp:spacer --></div>\n<!-- /wp:group -->\";}i:12;O:8:\"stdClass\":7:{s:2:\"id\";i:19;s:5:\"title\";O:8:\"stdClass\":1:{s:8:\"rendered\";s:23:\"Two images side by side\";}s:7:\"content\";O:8:\"stdClass\":2:{s:8:\"rendered\";s:716:\"\n<figure class=\"is-layout-flex wp-block-gallery-38 wp-block-gallery alignwide columns-2 is-cropped\"><ul class=\"blocks-gallery-grid\"><li class=\"blocks-gallery-item\"><figure><img decoding=\"async\" src=\"https://s.w.org/images/core/5.8/nature-above-01.jpg\" alt=\"An aerial view of waves crashing against a shore.\" data-full-url=\"https://s.w.org/images/core/5.8/nature-above-01.jpg\" data-link=\"#\" /></figure></li><li class=\"blocks-gallery-item\"><figure><img decoding=\"async\" src=\"https://s.w.org/images/core/5.8/nature-above-02.jpg\" alt=\"An aerial view of a field. A road runs through the upper right corner.\" data-full-url=\"https://s.w.org/images/core/5.8/nature-above-02.jpg\" data-link=\"#\" /></figure></li></ul></figure>\n\";s:9:\"protected\";b:0;}s:4:\"meta\";O:8:\"stdClass\":6:{s:10:\"spay_email\";s:0:\"\";s:13:\"wpop_keywords\";s:0:\"\";s:16:\"wpop_description\";s:41:\"An image gallery with two example images.\";s:19:\"wpop_viewport_width\";i:800;s:16:\"wpop_block_types\";a:0:{}s:11:\"wpop_locale\";s:5:\"en_US\";}s:14:\"category_slugs\";a:1:{i:0;s:7:\"gallery\";}s:13:\"keyword_slugs\";a:1:{i:0;s:4:\"core\";}s:15:\"pattern_content\";s:737:\"<!-- wp:gallery {\"ids\":[null,null],\"linkTo\":\"none\",\"align\":\"wide\"} -->\n<figure class=\"wp-block-gallery alignwide columns-2 is-cropped\"><ul class=\"blocks-gallery-grid\"><li class=\"blocks-gallery-item\"><figure><img src=\"https://s.w.org/images/core/5.8/nature-above-01.jpg\" alt=\"An aerial view of waves crashing against a shore.\" data-full-url=\"https://s.w.org/images/core/5.8/nature-above-01.jpg\" data-link=\"#\" /></figure></li><li class=\"blocks-gallery-item\"><figure><img src=\"https://s.w.org/images/core/5.8/nature-above-02.jpg\" alt=\"An aerial view of a field. A road runs through the upper right corner.\" data-full-url=\"https://s.w.org/images/core/5.8/nature-above-02.jpg\" data-link=\"#\" /></figure></li></ul></figure>\n<!-- /wp:gallery -->\";}}', 'no'),
(290, '_site_transient_timeout_wp_remote_block_patterns_769e90e26799fdb2f0d95d2e5907e8ec', '1665755095', 'no');
INSERT INTO `wp_eporaoptions` (`option_id`, `option_name`, `option_value`, `autoload`) VALUES
(291, '_site_transient_wp_remote_block_patterns_769e90e26799fdb2f0d95d2e5907e8ec', 'a:14:{i:0;O:8:\"stdClass\":7:{s:2:\"id\";i:591;s:5:\"title\";O:8:\"stdClass\":1:{s:8:\"rendered\";s:5:\"Event\";}s:7:\"content\";O:8:\"stdClass\":2:{s:8:\"rendered\";s:1632:\"\n<div class=\"wp-elements-edf0023baa22d5c3aadb817ac19c1b79 wp-block-media-text alignfull has-media-on-the-right is-stacked-on-mobile is-vertically-aligned-top has-text-color has-background has-link-color\" style=\"background-color:#121c1c;color:#fffdc7;grid-template-columns:auto 60%\"><figure class=\"wp-block-media-text__media\"><img decoding=\"async\" loading=\"lazy\" width=\"1024\" height=\"1024\" src=\"https://s.w.org/patterns/files/2021/06/image-from-rawpixel-id-430289-jpeg-1-1024x1024.jpg\" alt=\"\" class=\"wp-image-590 size-full\" srcset=\"https://s.w.org/patterns/files/2021/06/image-from-rawpixel-id-430289-jpeg-1-1024x1024.jpg 1024w, https://s.w.org/patterns/files/2021/06/image-from-rawpixel-id-430289-jpeg-1-300x300.jpg 300w, https://s.w.org/patterns/files/2021/06/image-from-rawpixel-id-430289-jpeg-1-150x150.jpg 150w, https://s.w.org/patterns/files/2021/06/image-from-rawpixel-id-430289-jpeg-1-768x768.jpg 768w, https://s.w.org/patterns/files/2021/06/image-from-rawpixel-id-430289-jpeg-1-1536x1536.jpg 1536w, https://s.w.org/patterns/files/2021/06/image-from-rawpixel-id-430289-jpeg-1.jpg 1572w\" sizes=\"(max-width: 1024px) 100vw, 1024px\" /></figure><div class=\"wp-block-media-text__content\">\n<div class=\"is-layout-flow wp-elements-ee61a3653e44280067f52b6b1f02506c wp-block-group has-link-color\" style=\"padding-top:2em;padding-right:2em;padding-bottom:2em;padding-left:2em\">\n<h2 style=\"font-size:48px;font-weight:700;line-height:1.15\">Opening <br>Party</h2>\n\n\n\n<p class=\"wp-elements-0860918d5b16b9e1778b1966b333b980 has-text-color has-link-color\" style=\"color:#fffdc7\"><strong><a href=\"#\">RSVP →</a></strong></p>\n</div>\n</div></div>\n\";s:9:\"protected\";b:0;}s:4:\"meta\";O:8:\"stdClass\":6:{s:10:\"spay_email\";s:0:\"\";s:13:\"wpop_keywords\";s:0:\"\";s:16:\"wpop_description\";s:0:\"\";s:19:\"wpop_viewport_width\";i:800;s:16:\"wpop_block_types\";a:0:{}s:11:\"wpop_locale\";s:5:\"en_US\";}s:14:\"category_slugs\";a:3:{i:0;s:8:\"featured\";i:1;s:6:\"header\";i:2;s:6:\"images\";}s:13:\"keyword_slugs\";a:0:{}s:15:\"pattern_content\";s:1592:\"<!-- wp:media-text {\"align\":\"full\",\"mediaPosition\":\"right\",\"mediaId\":590,\"mediaLink\":\"https://wordpress.org/patterns/image-from-rawpixel-id-430289-jpeg-1/\",\"mediaType\":\"image\",\"mediaWidth\":60,\"verticalAlignment\":\"top\",\"style\":{\"color\":{\"background\":\"#121c1c\",\"text\":\"#fffdc7\"},\"elements\":{\"link\":{\"color\":{\"text\":\"#fffdc7\"}}}}} -->\n<div class=\"wp-block-media-text alignfull has-media-on-the-right is-stacked-on-mobile is-vertically-aligned-top has-text-color has-background has-link-color\" style=\"background-color:#121c1c;color:#fffdc7;grid-template-columns:auto 60%\"><figure class=\"wp-block-media-text__media\"><img src=\"https://s.w.org/patterns/files/2021/06/image-from-rawpixel-id-430289-jpeg-1-1024x1024.jpg\" alt=\"\" class=\"wp-image-590 size-full\" /></figure><div class=\"wp-block-media-text__content\"><!-- wp:group {\"style\":{\"spacing\":{\"padding\":{\"top\":\"2em\",\"right\":\"2em\",\"bottom\":\"2em\",\"left\":\"2em\"}},\"elements\":{\"link\":{\"color\":{\"text\":\"#fffdc7\"}}}}} -->\n<div class=\"wp-block-group has-link-color\" style=\"padding-top:2em;padding-right:2em;padding-bottom:2em;padding-left:2em\"><!-- wp:heading {\"style\":{\"typography\":{\"fontWeight\":\"700\",\"fontSize\":\"48px\",\"lineHeight\":\"1.15\"}}} -->\n<h2 style=\"font-size:48px;font-weight:700;line-height:1.15\">Opening <br>Party</h2>\n<!-- /wp:heading -->\n\n<!-- wp:paragraph {\"style\":{\"elements\":{\"link\":{\"color\":{\"text\":\"#fffdc7\"}}},\"color\":{\"text\":\"#fffdc7\"}}} -->\n<p class=\"has-text-color has-link-color\" style=\"color:#fffdc7\"><strong><a href=\"#\">RSVP →</a></strong></p>\n<!-- /wp:paragraph --></div>\n<!-- /wp:group --></div></div>\n<!-- /wp:media-text -->\";}i:1;O:8:\"stdClass\":7:{s:2:\"id\";i:566;s:5:\"title\";O:8:\"stdClass\":1:{s:8:\"rendered\";s:30:\"Event announcement and details\";}s:7:\"content\";O:8:\"stdClass\":2:{s:8:\"rendered\";s:1578:\"\n<div class=\"is-layout-flow wp-elements-b69341fa8ca2b5011df7156020136c46 wp-block-group alignfull has-black-color has-text-color has-background has-link-color\" style=\"background-color:#d2cdc7\">\n<div style=\"height:50px\" aria-hidden=\"true\" class=\"wp-block-spacer\"></div>\n\n\n\n<h2 class=\"alignwide\" style=\"font-size:46px;font-weight:400;line-height:1.1\">HÉLÈNE DUMAS<br><em>FRAGMENTS</em></h2>\n\n\n\n<h3 class=\"alignwide\" style=\"font-size:46px;font-weight:400;line-height:1.1\">20/4 — 9/9/2021<br>SOUTH LONDON ART GALLERY</h3>\n\n\n\n<div style=\"height:50px\" aria-hidden=\"true\" class=\"wp-block-spacer\"></div>\n\n\n\n<div class=\"is-layout-flex wp-container-4 wp-block-columns alignwide\">\n<div class=\"is-layout-flow wp-block-column\" style=\"flex-basis:25%\"></div>\n\n\n\n<div class=\"is-layout-flow wp-block-column\" style=\"flex-basis:75%\">\n<figure class=\"wp-block-image size-full\"><img decoding=\"async\" src=\"https://mywptesting.site/wp-content/uploads/2021/06/Histoire_naturelle_..._-fragments-_-_Upper_cover_C108eee15-1.jpg\" alt=\"\" class=\"wp-image-3173\" /></figure>\n</div>\n</div>\n\n\n\n<div style=\"height:50px\" aria-hidden=\"true\" class=\"wp-block-spacer\"></div>\n\n\n\n<div class=\"is-layout-flex wp-container-7 wp-block-columns alignwide\">\n<div class=\"is-layout-flow wp-block-column\">\n<p style=\"font-size:25px\">MORE INFO AT: WP.ORG · +44 21 1234 5678</p>\n</div>\n\n\n\n<div class=\"is-layout-flow wp-block-column\">\n<p class=\"has-text-align-right\" style=\"font-size:25px\">INSTAGRAM · <a href=\"#\">TICKETS</a></p>\n</div>\n</div>\n\n\n\n<div style=\"height:50px\" aria-hidden=\"true\" class=\"wp-block-spacer\"></div>\n</div>\n\";s:9:\"protected\";b:0;}s:4:\"meta\";O:8:\"stdClass\":6:{s:10:\"spay_email\";s:0:\"\";s:13:\"wpop_keywords\";s:0:\"\";s:16:\"wpop_description\";s:0:\"\";s:19:\"wpop_viewport_width\";i:800;s:16:\"wpop_block_types\";a:0:{}s:11:\"wpop_locale\";s:5:\"en_US\";}s:14:\"category_slugs\";a:3:{i:0;s:8:\"featured\";i:1;s:6:\"images\";i:2;s:4:\"text\";}s:13:\"keyword_slugs\";a:0:{}s:15:\"pattern_content\";s:2622:\"<!-- wp:group {\"align\":\"full\",\"style\":{\"color\":{\"background\":\"#d2cdc7\"},\"elements\":{\"link\":{\"color\":{\"text\":\"var:preset|color|black\"}}}},\"textColor\":\"black\"} -->\n<div class=\"wp-block-group alignfull has-black-color has-text-color has-background has-link-color\" style=\"background-color:#d2cdc7\"><!-- wp:spacer {\"height\":50} -->\n<div style=\"height:50px\" aria-hidden=\"true\" class=\"wp-block-spacer\"></div>\n<!-- /wp:spacer -->\n\n<!-- wp:heading {\"align\":\"wide\",\"style\":{\"typography\":{\"fontSize\":\"46px\",\"lineHeight\":\"1.1\",\"fontWeight\":\"400\"}}} -->\n<h2 class=\"alignwide\" style=\"font-size:46px;font-weight:400;line-height:1.1\">HÉLÈNE DUMAS<br><em>FRAGMENTS</em></h2>\n<!-- /wp:heading -->\n\n<!-- wp:heading {\"level\":3,\"align\":\"wide\",\"style\":{\"typography\":{\"fontSize\":\"46px\",\"lineHeight\":\"1.1\",\"fontWeight\":\"400\"}}} -->\n<h3 class=\"alignwide\" style=\"font-size:46px;font-weight:400;line-height:1.1\">20/4 — 9/9/2021<br>SOUTH LONDON ART GALLERY</h3>\n<!-- /wp:heading -->\n\n<!-- wp:spacer {\"height\":50} -->\n<div style=\"height:50px\" aria-hidden=\"true\" class=\"wp-block-spacer\"></div>\n<!-- /wp:spacer -->\n\n<!-- wp:columns {\"align\":\"wide\"} -->\n<div class=\"wp-block-columns alignwide\"><!-- wp:column {\"width\":\"25%\"} -->\n<div class=\"wp-block-column\" style=\"flex-basis:25%\"></div>\n<!-- /wp:column -->\n\n<!-- wp:column {\"width\":\"75%\"} -->\n<div class=\"wp-block-column\" style=\"flex-basis:75%\"><!-- wp:image {\"id\":3173,\"sizeSlug\":\"full\",\"linkDestination\":\"none\"} -->\n<figure class=\"wp-block-image size-full\"><img src=\"https://mywptesting.site/wp-content/uploads/2021/06/Histoire_naturelle_..._-fragments-_-_Upper_cover_C108eee15-1.jpg\" alt=\"\" class=\"wp-image-3173\" /></figure>\n<!-- /wp:image --></div>\n<!-- /wp:column --></div>\n<!-- /wp:columns -->\n\n<!-- wp:spacer {\"height\":50} -->\n<div style=\"height:50px\" aria-hidden=\"true\" class=\"wp-block-spacer\"></div>\n<!-- /wp:spacer -->\n\n<!-- wp:columns {\"align\":\"wide\"} -->\n<div class=\"wp-block-columns alignwide\"><!-- wp:column -->\n<div class=\"wp-block-column\"><!-- wp:paragraph {\"style\":{\"typography\":{\"fontSize\":\"25px\"}}} -->\n<p style=\"font-size:25px\">MORE INFO AT: WP.ORG · +44 21 1234 5678</p>\n<!-- /wp:paragraph --></div>\n<!-- /wp:column -->\n\n<!-- wp:column -->\n<div class=\"wp-block-column\"><!-- wp:paragraph {\"align\":\"right\",\"style\":{\"typography\":{\"fontSize\":\"25px\"}}} -->\n<p class=\"has-text-align-right\" style=\"font-size:25px\">INSTAGRAM · <a href=\"#\">TICKETS</a></p>\n<!-- /wp:paragraph --></div>\n<!-- /wp:column --></div>\n<!-- /wp:columns -->\n\n<!-- wp:spacer {\"height\":50} -->\n<div style=\"height:50px\" aria-hidden=\"true\" class=\"wp-block-spacer\"></div>\n<!-- /wp:spacer --></div>\n<!-- /wp:group -->\";}i:2;O:8:\"stdClass\":7:{s:2:\"id\";i:502;s:5:\"title\";O:8:\"stdClass\":1:{s:8:\"rendered\";s:13:\"Event details\";}s:7:\"content\";O:8:\"stdClass\":2:{s:8:\"rendered\";s:1509:\"\n<figure class=\"wp-block-image alignwide size-full\"><img decoding=\"async\" loading=\"lazy\" width=\"2560\" height=\"1227\" src=\"https://s.w.org/patterns/files/2021/06/Group-17-scaled.jpg\" alt=\"Image of a woman being carried through the air by swans.\" class=\"wp-image-501\" srcset=\"https://s.w.org/patterns/files/2021/06/Group-17-scaled.jpg 2560w, https://s.w.org/patterns/files/2021/06/Group-17-300x144.jpg 300w, https://s.w.org/patterns/files/2021/06/Group-17-1024x491.jpg 1024w, https://s.w.org/patterns/files/2021/06/Group-17-768x368.jpg 768w, https://s.w.org/patterns/files/2021/06/Group-17-1536x736.jpg 1536w, https://s.w.org/patterns/files/2021/06/Group-17-2048x981.jpg 2048w\" sizes=\"(max-width: 2560px) 100vw, 2560px\" /></figure>\n\n\n\n<div class=\"is-layout-flex wp-container-13 wp-block-columns alignwide are-vertically-aligned-center\">\n<div class=\"is-layout-flow wp-block-column is-vertically-aligned-center\">\n<p style=\"line-height:2\"><strong>Location:</strong><br>82 Main St. Brooklyn, NY</p>\n</div>\n\n\n\n<div class=\"is-layout-flow wp-block-column is-vertically-aligned-center\">\n<p style=\"line-height:2\"><strong>Date:</strong><br>October 24, 2021</p>\n</div>\n\n\n\n<div class=\"is-layout-flow wp-block-column is-vertically-aligned-center\">\n<div class=\"is-layout-flex wp-block-buttons\">\n<div class=\"wp-block-button has-custom-width wp-block-button__width-100\"><a class=\"wp-block-button__link has-text-color has-background\" style=\"background-color:#262626;color:#efefef\">Purchase Tickets</a></div>\n</div>\n</div>\n</div>\n\";s:9:\"protected\";b:0;}s:4:\"meta\";O:8:\"stdClass\":6:{s:10:\"spay_email\";s:0:\"\";s:13:\"wpop_keywords\";s:0:\"\";s:16:\"wpop_description\";s:14:\"Event details.\";s:19:\"wpop_viewport_width\";i:1200;s:16:\"wpop_block_types\";a:0:{}s:11:\"wpop_locale\";s:5:\"en_US\";}s:14:\"category_slugs\";a:2:{i:0;s:8:\"featured\";i:1;s:4:\"text\";}s:13:\"keyword_slugs\";a:0:{}s:15:\"pattern_content\";s:1624:\"<!-- wp:image {\"align\":\"wide\",\"id\":501,\"sizeSlug\":\"full\",\"linkDestination\":\"none\"} -->\n<figure class=\"wp-block-image alignwide size-full\"><img src=\"https://s.w.org/patterns/files/2021/06/Group-17-scaled.jpg\" alt=\"Image of a woman being carried through the air by swans.\" class=\"wp-image-501\" /></figure>\n<!-- /wp:image -->\n\n<!-- wp:columns {\"verticalAlignment\":\"center\",\"align\":\"wide\"} -->\n<div class=\"wp-block-columns alignwide are-vertically-aligned-center\"><!-- wp:column {\"verticalAlignment\":\"center\"} -->\n<div class=\"wp-block-column is-vertically-aligned-center\"><!-- wp:paragraph {\"style\":{\"typography\":{\"lineHeight\":\"2\"}}} -->\n<p style=\"line-height:2\"><strong>Location:</strong><br>82 Main St. Brooklyn, NY</p>\n<!-- /wp:paragraph --></div>\n<!-- /wp:column -->\n\n<!-- wp:column {\"verticalAlignment\":\"center\"} -->\n<div class=\"wp-block-column is-vertically-aligned-center\"><!-- wp:paragraph {\"style\":{\"typography\":{\"lineHeight\":\"2\"}}} -->\n<p style=\"line-height:2\"><strong>Date:</strong><br>October 24, 2021</p>\n<!-- /wp:paragraph --></div>\n<!-- /wp:column -->\n\n<!-- wp:column {\"verticalAlignment\":\"center\"} -->\n<div class=\"wp-block-column is-vertically-aligned-center\"><!-- wp:buttons -->\n<div class=\"wp-block-buttons\"><!-- wp:button {\"width\":100,\"style\":{\"color\":{\"background\":\"#262626\",\"text\":\"#efefef\"}}} -->\n<div class=\"wp-block-button has-custom-width wp-block-button__width-100\"><a class=\"wp-block-button__link has-text-color has-background\" style=\"background-color:#262626;color:#efefef\">Purchase Tickets</a></div>\n<!-- /wp:button --></div>\n<!-- /wp:buttons --></div>\n<!-- /wp:column --></div>\n<!-- /wp:columns -->\";}i:3;O:8:\"stdClass\":7:{s:2:\"id\";i:184;s:5:\"title\";O:8:\"stdClass\":1:{s:8:\"rendered\";s:7:\"Heading\";}s:7:\"content\";O:8:\"stdClass\":2:{s:8:\"rendered\";s:509:\"\n<h2 class=\"alignwide\" id=\"we-re-a-studio-in-berlin-with-an-international-practice-in-architecture-urban-planning-and-interior-design-we-believe-in-sharing-knowledge-and-promoting-dialogue-to-increase-the-creative-potential-of-collaboration\" style=\"font-size:48px;line-height:1.1\">We&#8217;re a studio in Berlin with an international practice in architecture, urban planning and interior design. We believe in sharing knowledge and promoting dialogue to increase the creative potential of collaboration.</h2>\n\";s:9:\"protected\";b:0;}s:4:\"meta\";O:8:\"stdClass\":6:{s:10:\"spay_email\";s:0:\"\";s:13:\"wpop_keywords\";s:17:\"large text, title\";s:16:\"wpop_description\";s:12:\"Heading text\";s:19:\"wpop_viewport_width\";i:1200;s:16:\"wpop_block_types\";a:1:{i:0;s:12:\"core/heading\";}s:11:\"wpop_locale\";s:5:\"en_US\";}s:14:\"category_slugs\";a:2:{i:0;s:8:\"featured\";i:1;s:4:\"text\";}s:13:\"keyword_slugs\";a:1:{i:0;s:4:\"core\";}s:15:\"pattern_content\";s:621:\"<!-- wp:heading {\"align\":\"wide\",\"style\":{\"typography\":{\"fontSize\":\"48px\",\"lineHeight\":\"1.1\"}}} -->\n<h2 class=\"alignwide\" id=\"we-re-a-studio-in-berlin-with-an-international-practice-in-architecture-urban-planning-and-interior-design-we-believe-in-sharing-knowledge-and-promoting-dialogue-to-increase-the-creative-potential-of-collaboration\" style=\"font-size:48px;line-height:1.1\">We\'re a studio in Berlin with an international practice in architecture, urban planning and interior design. We believe in sharing knowledge and promoting dialogue to increase the creative potential of collaboration.</h2>\n<!-- /wp:heading -->\";}i:4;O:8:\"stdClass\":7:{s:2:\"id\";i:669;s:5:\"title\";O:8:\"stdClass\":1:{s:8:\"rendered\";s:31:\"Image and quote on a background\";}s:7:\"content\";O:8:\"stdClass\":2:{s:8:\"rendered\";s:2221:\"\n<div class=\"wp-block-media-text alignwide has-media-on-the-right is-stacked-on-mobile is-vertically-aligned-center has-background\" style=\"background-color:#f1f5c7\"><figure class=\"wp-block-media-text__media\"><img decoding=\"async\" loading=\"lazy\" width=\"1024\" height=\"1024\" src=\"https://s.w.org/patterns/files/2021/06/pear-1-1024x1024.png\" alt=\"\" class=\"wp-image-5263 size-full\" srcset=\"https://s.w.org/patterns/files/2021/06/pear-1-1024x1024.png 1024w, https://s.w.org/patterns/files/2021/06/pear-1-300x300.png 300w, https://s.w.org/patterns/files/2021/06/pear-1-150x150.png 150w, https://s.w.org/patterns/files/2021/06/pear-1-768x768.png 768w, https://s.w.org/patterns/files/2021/06/pear-1.png 1300w\" sizes=\"(max-width: 1024px) 100vw, 1024px\" /></figure><div class=\"wp-block-media-text__content\">\n<div class=\"is-layout-flow wp-block-group\" style=\"padding-top:2em;padding-right:2em;padding-bottom:2em;padding-left:2em\">\n<p style=\"font-size:36px;line-height:1.2\"><strong>Even the bitterest fruit has sugar in it.</strong></p>\n\n\n\n<p class=\"has-extra-small-font-size\">– Terry a O&#8217;Neal</p>\n</div>\n</div></div>\n\n\n\n<div class=\"wp-block-media-text alignwide is-stacked-on-mobile is-vertically-aligned-center has-background\" style=\"background-color:#fffdea\"><figure class=\"wp-block-media-text__media\"><img decoding=\"async\" loading=\"lazy\" width=\"1024\" height=\"1024\" src=\"https://s.w.org/patterns/files/2021/06/pear-half-1024x1024.png\" alt=\"\" class=\"wp-image-673 size-full\" srcset=\"https://s.w.org/patterns/files/2021/06/pear-half-1024x1024.png 1024w, https://s.w.org/patterns/files/2021/06/pear-half-300x300.png 300w, https://s.w.org/patterns/files/2021/06/pear-half-150x150.png 150w, https://s.w.org/patterns/files/2021/06/pear-half-768x768.png 768w, https://s.w.org/patterns/files/2021/06/pear-half.png 1300w\" sizes=\"(max-width: 1024px) 100vw, 1024px\" /></figure><div class=\"wp-block-media-text__content\">\n<div class=\"is-layout-flow wp-block-group\" style=\"padding-top:2em;padding-right:2em;padding-bottom:2em;padding-left:2em\">\n<p style=\"font-size:36px;line-height:1.2\"><strong>The trees that are slow to grow bear the best fruit.</strong></p>\n\n\n\n<p class=\"has-extra-small-font-size\">– Molière</p>\n</div>\n</div></div>\n\";s:9:\"protected\";b:0;}s:4:\"meta\";O:8:\"stdClass\":6:{s:10:\"spay_email\";s:0:\"\";s:13:\"wpop_keywords\";s:0:\"\";s:16:\"wpop_description\";s:221:\"Two media and text blocks. The top one has a pale green background. The text is on the left and contains a quote, and the image is on the right. The next block underneath has the image on the left, and quote on the right.\";s:19:\"wpop_viewport_width\";i:800;s:16:\"wpop_block_types\";a:0:{}s:11:\"wpop_locale\";s:5:\"en_US\";}s:14:\"category_slugs\";a:3:{i:0;s:8:\"featured\";i:1;s:6:\"images\";i:2;s:4:\"text\";}s:13:\"keyword_slugs\";a:0:{}s:15:\"pattern_content\";s:2404:\"<!-- wp:media-text {\"mediaPosition\":\"right\",\"mediaId\":5263,\"mediaLink\":\"https://wordpress.org/patterns/pattern/image-and-quote-on-a-background/pear-3/\",\"mediaType\":\"image\",\"verticalAlignment\":\"center\",\"style\":{\"color\":{\"background\":\"#f1f5c7\"}}} -->\n<div class=\"wp-block-media-text alignwide has-media-on-the-right is-stacked-on-mobile is-vertically-aligned-center has-background\" style=\"background-color:#f1f5c7\"><figure class=\"wp-block-media-text__media\"><img src=\"https://s.w.org/patterns/files/2021/06/pear-1-1024x1024.png\" alt=\"\" class=\"wp-image-5263 size-full\" /></figure><div class=\"wp-block-media-text__content\"><!-- wp:group {\"style\":{\"spacing\":{\"padding\":{\"top\":\"2em\",\"right\":\"2em\",\"bottom\":\"2em\",\"left\":\"2em\"}}}} -->\n<div class=\"wp-block-group\" style=\"padding-top:2em;padding-right:2em;padding-bottom:2em;padding-left:2em\"><!-- wp:paragraph {\"style\":{\"typography\":{\"lineHeight\":\"1.2\",\"fontSize\":\"36px\"}}} -->\n<p style=\"font-size:36px;line-height:1.2\"><strong>Even the bitterest fruit has sugar in it.</strong></p>\n<!-- /wp:paragraph -->\n\n<!-- wp:paragraph {\"fontSize\":\"extra-small\"} -->\n<p class=\"has-extra-small-font-size\">– Terry a O\'Neal</p>\n<!-- /wp:paragraph --></div>\n<!-- /wp:group --></div></div>\n<!-- /wp:media-text -->\n\n<!-- wp:media-text {\"mediaId\":673,\"mediaLink\":\"https://wordpress.org/patterns/pear-half/\",\"mediaType\":\"image\",\"verticalAlignment\":\"center\",\"style\":{\"color\":{\"background\":\"#fffdea\"}}} -->\n<div class=\"wp-block-media-text alignwide is-stacked-on-mobile is-vertically-aligned-center has-background\" style=\"background-color:#fffdea\"><figure class=\"wp-block-media-text__media\"><img src=\"https://s.w.org/patterns/files/2021/06/pear-half-1024x1024.png\" alt=\"\" class=\"wp-image-673 size-full\" /></figure><div class=\"wp-block-media-text__content\"><!-- wp:group {\"style\":{\"spacing\":{\"padding\":{\"top\":\"2em\",\"right\":\"2em\",\"bottom\":\"2em\",\"left\":\"2em\"}}}} -->\n<div class=\"wp-block-group\" style=\"padding-top:2em;padding-right:2em;padding-bottom:2em;padding-left:2em\"><!-- wp:paragraph {\"style\":{\"typography\":{\"lineHeight\":\"1.2\",\"fontSize\":\"36px\"}}} -->\n<p style=\"font-size:36px;line-height:1.2\"><strong>The trees that are slow to grow bear the best fruit.</strong></p>\n<!-- /wp:paragraph -->\n\n<!-- wp:paragraph {\"fontSize\":\"extra-small\"} -->\n<p class=\"has-extra-small-font-size\">– Molière</p>\n<!-- /wp:paragraph --></div>\n<!-- /wp:group --></div></div>\n<!-- /wp:media-text -->\";}i:5;O:8:\"stdClass\":7:{s:2:\"id\";i:573;s:5:\"title\";O:8:\"stdClass\":1:{s:8:\"rendered\";s:37:\"Image on solid color with description\";}s:7:\"content\";O:8:\"stdClass\":2:{s:8:\"rendered\";s:1628:\"\n<div class=\"is-layout-flex wp-container-20 wp-block-columns alignfull\">\n<div class=\"is-layout-flow wp-block-column\" style=\"flex-basis:50%\">\n<div class=\"wp-block-cover has-background-dim\" style=\"background-color:#f6f6f6;min-height:600px\"><div class=\"wp-block-cover__inner-container\">\n<div class=\"wp-block-image\"><figure class=\"aligncenter size-medium\"><img decoding=\"async\" loading=\"lazy\" width=\"263\" height=\"300\" src=\"https://s.w.org/patterns/files/2021/06/wire-sculpture-263x300.jpg\" alt=\"\" class=\"wp-image-571\" srcset=\"https://s.w.org/patterns/files/2021/06/wire-sculpture-263x300.jpg 263w, https://s.w.org/patterns/files/2021/06/wire-sculpture-898x1024.jpg 898w, https://s.w.org/patterns/files/2021/06/wire-sculpture-768x875.jpg 768w, https://s.w.org/patterns/files/2021/06/wire-sculpture-1347x1536.jpg 1347w, https://s.w.org/patterns/files/2021/06/wire-sculpture.jpg 1658w\" sizes=\"(max-width: 263px) 100vw, 263px\" /></figure></div>\n</div></div>\n</div>\n\n\n\n<div class=\"is-layout-flow wp-block-column is-vertically-aligned-center\" style=\"padding-top:1em;padding-right:1em;padding-bottom:1em;padding-left:1em\">\n<div class=\"is-layout-flex wp-container-18 wp-block-columns\">\n<div class=\"is-layout-flow wp-block-column\" style=\"flex-basis:320px\">\n<p class=\"has-small-font-size\" style=\"line-height:1.6\"><strong>Airplane</strong></p>\n\n\n\n<p class=\"has-small-font-size\" style=\"line-height:1.6\">Copper wire, wood base. I created this piece in late 2008. For this work, I aimed to convey both the industrial heaviness of an airplane, but also the cloudlike floating quality you feel when you’re in one.</p>\n</div>\n</div>\n</div>\n</div>\n\";s:9:\"protected\";b:0;}s:4:\"meta\";O:8:\"stdClass\":6:{s:10:\"spay_email\";s:0:\"\";s:13:\"wpop_keywords\";s:0:\"\";s:16:\"wpop_description\";s:38:\"Image on solid color with description.\";s:19:\"wpop_viewport_width\";i:1200;s:16:\"wpop_block_types\";a:0:{}s:11:\"wpop_locale\";s:5:\"en_US\";}s:14:\"category_slugs\";a:3:{i:0;s:8:\"featured\";i:1;s:6:\"images\";i:2;s:4:\"text\";}s:13:\"keyword_slugs\";a:0:{}s:15:\"pattern_content\";s:1826:\"<!-- wp:columns {\"align\":\"full\"} -->\n<div class=\"wp-block-columns alignfull\"><!-- wp:column {\"width\":\"50%\"} -->\n<div class=\"wp-block-column\" style=\"flex-basis:50%\"><!-- wp:cover {\"customOverlayColor\":\"#f6f6f6\",\"minHeight\":600} -->\n<div class=\"wp-block-cover has-background-dim\" style=\"background-color:#f6f6f6;min-height:600px\"><div class=\"wp-block-cover__inner-container\"><!-- wp:image {\"align\":\"center\",\"id\":571,\"sizeSlug\":\"medium\",\"linkDestination\":\"none\"} -->\n<div class=\"wp-block-image\"><figure class=\"aligncenter size-medium\"><img src=\"https://s.w.org/patterns/files/2021/06/wire-sculpture-263x300.jpg\" alt=\"\" class=\"wp-image-571\" /></figure></div>\n<!-- /wp:image --></div></div>\n<!-- /wp:cover --></div>\n<!-- /wp:column -->\n\n<!-- wp:column {\"verticalAlignment\":\"center\",\"style\":{\"spacing\":{\"padding\":{\"top\":\"1em\",\"right\":\"1em\",\"bottom\":\"1em\",\"left\":\"1em\"}}}} -->\n<div class=\"wp-block-column is-vertically-aligned-center\" style=\"padding-top:1em;padding-right:1em;padding-bottom:1em;padding-left:1em\"><!-- wp:columns -->\n<div class=\"wp-block-columns\"><!-- wp:column {\"width\":\"320px\"} -->\n<div class=\"wp-block-column\" style=\"flex-basis:320px\"><!-- wp:paragraph {\"style\":{\"typography\":{\"lineHeight\":\"1.6\"}},\"fontSize\":\"small\"} -->\n<p class=\"has-small-font-size\" style=\"line-height:1.6\"><strong>Airplane</strong></p>\n<!-- /wp:paragraph -->\n\n<!-- wp:paragraph {\"style\":{\"typography\":{\"lineHeight\":\"1.6\"}},\"fontSize\":\"small\"} -->\n<p class=\"has-small-font-size\" style=\"line-height:1.6\">Copper wire, wood base. I created this piece in late 2008. For this work, I aimed to convey both the industrial heaviness of an airplane, but also the cloudlike floating quality you feel when you’re in one.</p>\n<!-- /wp:paragraph --></div>\n<!-- /wp:column --></div>\n<!-- /wp:columns --></div>\n<!-- /wp:column --></div>\n<!-- /wp:columns -->\";}i:6;O:8:\"stdClass\":7:{s:2:\"id\";i:521;s:5:\"title\";O:8:\"stdClass\":1:{s:8:\"rendered\";s:45:\"Image with description below and to the right\";}s:7:\"content\";O:8:\"stdClass\":2:{s:8:\"rendered\";s:1415:\"\n<div class=\"is-layout-flex wp-container-25 wp-block-columns\">\n<div class=\"is-layout-flow wp-block-column\" style=\"flex-basis:10%\"></div>\n\n\n\n<div class=\"is-layout-flow wp-block-column\">\n<figure class=\"wp-block-image size-large\"><img decoding=\"async\" loading=\"lazy\" width=\"1024\" height=\"1024\" src=\"https://s.w.org/patterns/files/2021/06/image-from-rawpixel-id-539759-jpeg-1-1024x1024.jpg\" alt=\"Vintage Cupid Illustration\" class=\"wp-image-522\" srcset=\"https://s.w.org/patterns/files/2021/06/image-from-rawpixel-id-539759-jpeg-1-1024x1024.jpg 1024w, https://s.w.org/patterns/files/2021/06/image-from-rawpixel-id-539759-jpeg-1-300x300.jpg 300w, https://s.w.org/patterns/files/2021/06/image-from-rawpixel-id-539759-jpeg-1-150x150.jpg 150w, https://s.w.org/patterns/files/2021/06/image-from-rawpixel-id-539759-jpeg-1-768x768.jpg 768w, https://s.w.org/patterns/files/2021/06/image-from-rawpixel-id-539759-jpeg-1.jpg 1510w\" sizes=\"(max-width: 1024px) 100vw, 1024px\" /></figure>\n</div>\n\n\n\n<div class=\"is-layout-flow wp-block-column\"></div>\n\n\n\n<div class=\"is-layout-flow wp-block-column\" style=\"flex-basis:10%\"></div>\n</div>\n\n\n\n<div class=\"is-layout-flex wp-container-28 wp-block-columns\">\n<div class=\"is-layout-flow wp-block-column\"></div>\n\n\n\n<div class=\"is-layout-flow wp-block-column\">\n<p style=\"font-size:14px\"><strong>Cupid in Flight</strong><br>48” x 48” Giclee print on archival paper.</p>\n</div>\n</div>\n\n\n\n<p></p>\n\";s:9:\"protected\";b:0;}s:4:\"meta\";O:8:\"stdClass\":6:{s:10:\"spay_email\";s:0:\"\";s:13:\"wpop_keywords\";s:0:\"\";s:16:\"wpop_description\";s:46:\"Image with description below and to the right.\";s:19:\"wpop_viewport_width\";i:1200;s:16:\"wpop_block_types\";a:0:{}s:11:\"wpop_locale\";s:5:\"en_US\";}s:14:\"category_slugs\";a:2:{i:0;s:8:\"featured\";i:1;s:6:\"images\";}s:13:\"keyword_slugs\";a:0:{}s:15:\"pattern_content\";s:1241:\"<!-- wp:columns -->\n<div class=\"wp-block-columns\"><!-- wp:column {\"width\":\"10%\"} -->\n<div class=\"wp-block-column\" style=\"flex-basis:10%\"></div>\n<!-- /wp:column -->\n\n<!-- wp:column -->\n<div class=\"wp-block-column\"><!-- wp:image {\"id\":522,\"sizeSlug\":\"large\",\"linkDestination\":\"none\"} -->\n<figure class=\"wp-block-image size-large\"><img src=\"https://s.w.org/patterns/files/2021/06/image-from-rawpixel-id-539759-jpeg-1-1024x1024.jpg\" alt=\"Vintage Cupid Illustration\" class=\"wp-image-522\" /></figure>\n<!-- /wp:image --></div>\n<!-- /wp:column -->\n\n<!-- wp:column -->\n<div class=\"wp-block-column\"></div>\n<!-- /wp:column -->\n\n<!-- wp:column {\"width\":\"10%\"} -->\n<div class=\"wp-block-column\" style=\"flex-basis:10%\"></div>\n<!-- /wp:column --></div>\n<!-- /wp:columns -->\n\n<!-- wp:columns -->\n<div class=\"wp-block-columns\"><!-- wp:column -->\n<div class=\"wp-block-column\"></div>\n<!-- /wp:column -->\n\n<!-- wp:column -->\n<div class=\"wp-block-column\"><!-- wp:paragraph {\"style\":{\"typography\":{\"fontSize\":\"14px\"}}} -->\n<p style=\"font-size:14px\"><strong>Cupid in Flight</strong><br>48” x 48” Giclee print on archival paper.</p>\n<!-- /wp:paragraph --></div>\n<!-- /wp:column --></div>\n<!-- /wp:columns -->\n\n<!-- wp:paragraph -->\n<p></p>\n<!-- /wp:paragraph -->\";}i:7;O:8:\"stdClass\":7:{s:2:\"id\";i:185;s:5:\"title\";O:8:\"stdClass\":1:{s:8:\"rendered\";s:35:\"Large header with left-aligned text\";}s:7:\"content\";O:8:\"stdClass\":2:{s:8:\"rendered\";s:1097:\"\n<div class=\"wp-block-cover alignfull has-background-dim-60 has-background-dim\" style=\"min-height:800px\"><img decoding=\"async\" class=\"wp-block-cover__image-background\" alt=\"\" src=\"https://s.w.org/images/core/5.8/forest.jpg\" data-object-fit=\"cover\" /><div class=\"wp-block-cover__inner-container\">\n<h2 class=\"alignwide has-text-color\" style=\"color:#ffe074;font-size:64px\">Forest.</h2>\n\n\n\n<div class=\"is-layout-flex wp-container-31 wp-block-columns alignwide\">\n<div class=\"is-layout-flow wp-block-column\" style=\"flex-basis:55%\">\n<div style=\"height:330px\" aria-hidden=\"true\" class=\"wp-block-spacer\"></div>\n\n\n\n<p class=\"has-text-color\" style=\"color:#ffe074;font-size:12px;line-height:1.3\"><em>Even a child knows how valuable the forest is. The fresh, breathtaking smell of trees. Echoing birds flying above that dense magnitude. A stable climate, a sustainable diverse life and a source of culture. Yet, forests and other ecosystems hang in the balance, threatened to become croplands, pasture, and plantations.</em></p>\n</div>\n\n\n\n<div class=\"is-layout-flow wp-block-column\"></div>\n</div>\n</div></div>\n\";s:9:\"protected\";b:0;}s:4:\"meta\";O:8:\"stdClass\":6:{s:10:\"spay_email\";s:0:\"\";s:13:\"wpop_keywords\";s:0:\"\";s:16:\"wpop_description\";s:29:\"Cover image with quote on top\";s:19:\"wpop_viewport_width\";i:1200;s:16:\"wpop_block_types\";a:0:{}s:11:\"wpop_locale\";s:5:\"en_US\";}s:14:\"category_slugs\";a:2:{i:0;s:8:\"featured\";i:1;s:6:\"header\";}s:13:\"keyword_slugs\";a:1:{i:0;s:4:\"core\";}s:15:\"pattern_content\";s:1610:\"<!-- wp:cover {\"url\":\"https://s.w.org/images/core/5.8/forest.jpg\",\"dimRatio\":60,\"minHeight\":800,\"align\":\"full\"} -->\n<div class=\"wp-block-cover alignfull has-background-dim-60 has-background-dim\" style=\"min-height:800px\"><img class=\"wp-block-cover__image-background\" alt=\"\" src=\"https://s.w.org/images/core/5.8/forest.jpg\" data-object-fit=\"cover\" /><div class=\"wp-block-cover__inner-container\"><!-- wp:heading {\"align\":\"wide\",\"style\":{\"color\":{\"text\":\"#ffe074\"},\"typography\":{\"fontSize\":\"64px\"}}} -->\n<h2 class=\"alignwide has-text-color\" style=\"color:#ffe074;font-size:64px\">Forest.</h2>\n<!-- /wp:heading -->\n\n<!-- wp:columns {\"align\":\"wide\"} -->\n<div class=\"wp-block-columns alignwide\"><!-- wp:column {\"width\":\"55%\"} -->\n<div class=\"wp-block-column\" style=\"flex-basis:55%\"><!-- wp:spacer {\"height\":330} -->\n<div style=\"height:330px\" aria-hidden=\"true\" class=\"wp-block-spacer\"></div>\n<!-- /wp:spacer -->\n\n<!-- wp:paragraph {\"style\":{\"color\":{\"text\":\"#ffe074\"},\"typography\":{\"lineHeight\":\"1.3\",\"fontSize\":\"12px\"}}} -->\n<p class=\"has-text-color\" style=\"color:#ffe074;font-size:12px;line-height:1.3\"><em>Even a child knows how valuable the forest is. The fresh, breathtaking smell of trees. Echoing birds flying above that dense magnitude. A stable climate, a sustainable diverse life and a source of culture. Yet, forests and other ecosystems hang in the balance, threatened to become croplands, pasture, and plantations.</em></p>\n<!-- /wp:paragraph --></div>\n<!-- /wp:column -->\n\n<!-- wp:column -->\n<div class=\"wp-block-column\"></div>\n<!-- /wp:column --></div>\n<!-- /wp:columns --></div></div>\n<!-- /wp:cover -->\";}i:8;O:8:\"stdClass\":7:{s:2:\"id\";i:192;s:5:\"title\";O:8:\"stdClass\":1:{s:8:\"rendered\";s:37:\"Media and text with image on the left\";}s:7:\"content\";O:8:\"stdClass\":2:{s:8:\"rendered\";s:537:\"\n<div class=\"wp-block-media-text alignfull is-stacked-on-mobile is-vertically-aligned-center\"><figure class=\"wp-block-media-text__media\"><img decoding=\"async\" src=\"https://s.w.org/images/core/5.8/architecture-04.jpg\" alt=\"Close-up, abstract view of architecture.\" /></figure><div class=\"wp-block-media-text__content\">\n<h3 class=\"has-text-align-center has-text-color\" style=\"color:#000000\"><strong>Open Spaces</strong></h3>\n\n\n\n<p class=\"has-text-align-center has-extra-small-font-size\"><a href=\"#\">See case study ↗</a></p>\n</div></div>\n\";s:9:\"protected\";b:0;}s:4:\"meta\";O:8:\"stdClass\":6:{s:10:\"spay_email\";s:0:\"\";s:13:\"wpop_keywords\";s:0:\"\";s:16:\"wpop_description\";s:66:\"Media and text block with image to the left and text to the right.\";s:19:\"wpop_viewport_width\";i:1200;s:16:\"wpop_block_types\";a:0:{}s:11:\"wpop_locale\";s:5:\"en_US\";}s:14:\"category_slugs\";a:2:{i:0;s:8:\"featured\";i:1;s:6:\"header\";}s:13:\"keyword_slugs\";a:1:{i:0;s:4:\"core\";}s:15:\"pattern_content\";s:827:\"<!-- wp:media-text {\"align\":\"full\",\"mediaType\":\"image\",\"verticalAlignment\":\"center\"} -->\n<div class=\"wp-block-media-text alignfull is-stacked-on-mobile is-vertically-aligned-center\"><figure class=\"wp-block-media-text__media\"><img src=\"https://s.w.org/images/core/5.8/architecture-04.jpg\" alt=\"Close-up, abstract view of architecture.\" /></figure><div class=\"wp-block-media-text__content\"><!-- wp:heading {\"textAlign\":\"center\",\"level\":3,\"style\":{\"color\":{\"text\":\"#000000\"}}} -->\n<h3 class=\"has-text-align-center has-text-color\" style=\"color:#000000\"><strong>Open Spaces</strong></h3>\n<!-- /wp:heading -->\n\n<!-- wp:paragraph {\"align\":\"center\",\"fontSize\":\"extra-small\"} -->\n<p class=\"has-text-align-center has-extra-small-font-size\"><a href=\"#\">See case study ↗</a></p>\n<!-- /wp:paragraph --></div></div>\n<!-- /wp:media-text -->\";}i:9;O:8:\"stdClass\":7:{s:2:\"id\";i:526;s:5:\"title\";O:8:\"stdClass\":1:{s:8:\"rendered\";s:32:\"Offset images with descriptions.\";}s:7:\"content\";O:8:\"stdClass\":2:{s:8:\"rendered\";s:1754:\"\n<div class=\"is-layout-flex wp-container-34 wp-block-columns\">\n<div class=\"is-layout-flow wp-block-column\">\n<figure class=\"wp-block-image size-large\"><img decoding=\"async\" loading=\"lazy\" width=\"793\" height=\"1024\" src=\"https://s.w.org/patterns/files/2021/06/Iris-793x1024.jpg\" alt=\"\" class=\"wp-image-525\" srcset=\"https://s.w.org/patterns/files/2021/06/Iris-793x1024.jpg 793w, https://s.w.org/patterns/files/2021/06/Iris-232x300.jpg 232w, https://s.w.org/patterns/files/2021/06/Iris-768x992.jpg 768w, https://s.w.org/patterns/files/2021/06/Iris-1189x1536.jpg 1189w, https://s.w.org/patterns/files/2021/06/Iris-1586x2048.jpg 1586w, https://s.w.org/patterns/files/2021/06/Iris.jpg 1920w\" sizes=\"(max-width: 793px) 100vw, 793px\" /></figure>\n\n\n\n<p style=\"font-size:14px\"><strong>White Irises</strong><br>Ogawa Kazumasa</p>\n</div>\n\n\n\n<div class=\"is-layout-flow wp-block-column\">\n<div style=\"height:100px\" aria-hidden=\"true\" class=\"wp-block-spacer\"></div>\n\n\n\n<p style=\"font-size:14px\"><strong>Cherry Blossom</strong><br>Ogawa Kazumasa</p>\n\n\n\n<figure class=\"wp-block-image size-large\"><img decoding=\"async\" loading=\"lazy\" width=\"707\" height=\"1024\" src=\"https://s.w.org/patterns/files/2021/06/Cherry-Blossom-707x1024.jpg\" alt=\"\" class=\"wp-image-524\" srcset=\"https://s.w.org/patterns/files/2021/06/Cherry-Blossom-707x1024.jpg 707w, https://s.w.org/patterns/files/2021/06/Cherry-Blossom-207x300.jpg 207w, https://s.w.org/patterns/files/2021/06/Cherry-Blossom-768x1112.jpg 768w, https://s.w.org/patterns/files/2021/06/Cherry-Blossom-1061x1536.jpg 1061w, https://s.w.org/patterns/files/2021/06/Cherry-Blossom-1414x2048.jpg 1414w, https://s.w.org/patterns/files/2021/06/Cherry-Blossom-scaled.jpg 1768w\" sizes=\"(max-width: 707px) 100vw, 707px\" /></figure>\n</div>\n</div>\n\";s:9:\"protected\";b:0;}s:4:\"meta\";O:8:\"stdClass\":6:{s:10:\"spay_email\";s:0:\"\";s:13:\"wpop_keywords\";s:0:\"\";s:16:\"wpop_description\";s:32:\"Offset images with descriptions.\";s:19:\"wpop_viewport_width\";i:1200;s:16:\"wpop_block_types\";a:0:{}s:11:\"wpop_locale\";s:5:\"en_US\";}s:14:\"category_slugs\";a:3:{i:0;s:8:\"featured\";i:1;s:7:\"gallery\";i:2;s:6:\"images\";}s:13:\"keyword_slugs\";a:0:{}s:15:\"pattern_content\";s:1175:\"<!-- wp:columns -->\n<div class=\"wp-block-columns\"><!-- wp:column -->\n<div class=\"wp-block-column\"><!-- wp:image {\"id\":525,\"sizeSlug\":\"large\",\"linkDestination\":\"none\"} -->\n<figure class=\"wp-block-image size-large\"><img src=\"https://s.w.org/patterns/files/2021/06/Iris-793x1024.jpg\" alt=\"\" class=\"wp-image-525\" /></figure>\n<!-- /wp:image -->\n\n<!-- wp:paragraph {\"style\":{\"typography\":{\"fontSize\":\"14px\"}}} -->\n<p style=\"font-size:14px\"><strong>White Irises</strong><br>Ogawa Kazumasa</p>\n<!-- /wp:paragraph --></div>\n<!-- /wp:column -->\n\n<!-- wp:column -->\n<div class=\"wp-block-column\"><!-- wp:spacer -->\n<div style=\"height:100px\" aria-hidden=\"true\" class=\"wp-block-spacer\"></div>\n<!-- /wp:spacer -->\n\n<!-- wp:paragraph {\"style\":{\"typography\":{\"fontSize\":\"14px\"}}} -->\n<p style=\"font-size:14px\"><strong>Cherry Blossom</strong><br>Ogawa Kazumasa</p>\n<!-- /wp:paragraph -->\n\n<!-- wp:image {\"id\":524,\"sizeSlug\":\"large\",\"linkDestination\":\"none\"} -->\n<figure class=\"wp-block-image size-large\"><img src=\"https://s.w.org/patterns/files/2021/06/Cherry-Blossom-707x1024.jpg\" alt=\"\" class=\"wp-image-524\" /></figure>\n<!-- /wp:image --></div>\n<!-- /wp:column --></div>\n<!-- /wp:columns -->\";}i:10;O:8:\"stdClass\":7:{s:2:\"id\";i:678;s:5:\"title\";O:8:\"stdClass\":1:{s:8:\"rendered\";s:13:\"Pricing table\";}s:7:\"content\";O:8:\"stdClass\":2:{s:8:\"rendered\";s:3267:\"\n<div class=\"is-layout-flex wp-container-41 wp-block-columns alignwide\">\n<div class=\"is-layout-flow wp-elements-9b0ec38802488b5326b5833c551a99b8 wp-block-column has-text-color has-background has-link-color\" style=\"background-color:#ffe97d;color:#000000;padding-top:2em;padding-right:2em;padding-bottom:2em;padding-left:2em\">\n<h2 id=\"single\" style=\"font-size:40px\"><strong>Single</strong></h2>\n\n\n\n<p class=\"has-normal-font-size\" style=\"line-height:1.5\"><strong>Enrich our growing community.</strong> </p>\n\n\n\n<hr class=\"wp-block-separator has-text-color has-background is-style-wide\" style=\"background-color:#000000;color:#000000\" />\n\n\n\n<ul class=\"has-normal-font-size\"><li>General admission and member discounts for one adult</li><li>One free ticket per special exhibition</li><li>Two single-use guest passes per year</li></ul>\n\n\n\n<div class=\"is-horizontal is-content-justification-center is-layout-flex wp-container-35 wp-block-buttons alignfull\">\n<div class=\"wp-block-button has-custom-width wp-block-button__width-100\"><a class=\"wp-block-button__link has-white-color has-text-color has-background no-border-radius\" style=\"background-color:#000000\">$110 / year</a></div>\n</div>\n</div>\n\n\n\n<div class=\"is-layout-flow wp-elements-9add2e813d78c88d00f9bd37bafd7af9 wp-block-column has-text-color has-background has-link-color\" style=\"background-color:#d1d1e1;color:#000000;padding-top:2em;padding-right:2em;padding-bottom:2em;padding-left:2em\">\n<h2 id=\"family\" style=\"font-size:40px\"><strong>Family</strong></h2>\n\n\n\n<p class=\"has-normal-font-size\" style=\"line-height:1.5\"><strong>Support special exhibitions.</strong></p>\n\n\n\n<hr class=\"wp-block-separator is-style-wide\" />\n\n\n\n<ul class=\"has-normal-font-size\"><li>General admission and member discounts for two adults</li><li>Four free tickets per special exhibition</li><li>Four single-use guest passes per year</li></ul>\n\n\n\n<div class=\"is-horizontal is-content-justification-center is-layout-flex wp-container-37 wp-block-buttons alignfull\">\n<div class=\"wp-block-button has-custom-width wp-block-button__width-100 is-style-fill\"><a class=\"wp-block-button__link has-white-color has-text-color has-background no-border-radius\" style=\"background-color:#000000\">$200 / year</a></div>\n</div>\n</div>\n\n\n\n<div class=\"is-layout-flow wp-elements-2500c6475a3fa956c7c9f0264bdaf6c7 wp-block-column has-text-color has-background has-link-color\" style=\"background-color:#c0ebf1;color:#000000;padding-top:2em;padding-right:2em;padding-bottom:2em;padding-left:2em\">\n<h2 id=\"patron\" style=\"font-size:40px\"><strong>Patron</strong></h2>\n\n\n\n<p class=\"has-normal-font-size\"><strong>Take support to the next level.</strong></p>\n\n\n\n<hr class=\"wp-block-separator is-style-wide\" />\n\n\n\n<ul class=\"has-normal-font-size\"><li>General admission and member discounts for two adults</li><li>Five free tickets per special exhibition</li><li>Six single-use guest passes per year</li></ul>\n\n\n\n<div class=\"is-horizontal is-content-justification-center is-layout-flex wp-container-39 wp-block-buttons alignfull\">\n<div class=\"wp-block-button has-custom-width wp-block-button__width-100\"><a class=\"wp-block-button__link has-white-color has-text-color has-background no-border-radius\" style=\"background-color:#000000\">$400 / year</a></div>\n</div>\n</div>\n</div>\n\";s:9:\"protected\";b:0;}s:4:\"meta\";O:8:\"stdClass\":6:{s:10:\"spay_email\";s:0:\"\";s:13:\"wpop_keywords\";s:0:\"\";s:16:\"wpop_description\";s:272:\"Three equal-width columns set up as a pricing table. The left column has a yellow background, the middle column has a light purple background, and the right column has a light blue background. Each column contains a heading, subheading, separator, list, and then a button.\";s:19:\"wpop_viewport_width\";i:800;s:16:\"wpop_block_types\";a:0:{}s:11:\"wpop_locale\";s:5:\"en_US\";}s:14:\"category_slugs\";a:3:{i:0;s:7:\"buttons\";i:1;s:7:\"columns\";i:2;s:8:\"featured\";}s:13:\"keyword_slugs\";a:0:{}s:15:\"pattern_content\";s:5340:\"<!-- wp:columns {\"align\":\"wide\"} -->\n<div class=\"wp-block-columns alignwide\"><!-- wp:column {\"style\":{\"color\":{\"background\":\"#ffe97d\",\"text\":\"#000000\"},\"elements\":{\"link\":{\"color\":{\"text\":\"#000000\"}}},\"spacing\":{\"padding\":{\"top\":\"2em\",\"right\":\"2em\",\"bottom\":\"2em\",\"left\":\"2em\"}}}} -->\n<div class=\"wp-block-column has-text-color has-background has-link-color\" style=\"background-color:#ffe97d;color:#000000;padding-top:2em;padding-right:2em;padding-bottom:2em;padding-left:2em\"><!-- wp:heading {\"style\":{\"typography\":{\"fontSize\":\"40px\"}}} -->\n<h2 id=\"single\" style=\"font-size:40px\"><strong>Single</strong></h2>\n<!-- /wp:heading -->\n\n<!-- wp:paragraph {\"style\":{\"typography\":{\"lineHeight\":\"1.5\"}},\"fontSize\":\"normal\"} -->\n<p class=\"has-normal-font-size\" style=\"line-height:1.5\"><strong>Enrich our growing community.</strong> </p>\n<!-- /wp:paragraph -->\n\n<!-- wp:separator {\"customColor\":\"#000000\",\"className\":\"is-style-wide\"} -->\n<hr class=\"wp-block-separator has-text-color has-background is-style-wide\" style=\"background-color:#000000;color:#000000\" />\n<!-- /wp:separator -->\n\n<!-- wp:list {\"fontSize\":\"normal\"} -->\n<ul class=\"has-normal-font-size\"><li>General admission and member discounts for one adult</li><li>One free ticket per special exhibition</li><li>Two single-use guest passes per year</li></ul>\n<!-- /wp:list -->\n\n<!-- wp:buttons {\"align\":\"full\",\"layout\":{\"type\":\"flex\",\"justifyContent\":\"center\",\"orientation\":\"horizontal\"}} -->\n<div class=\"wp-block-buttons alignfull\"><!-- wp:button {\"textColor\":\"white\",\"width\":100,\"style\":{\"color\":{\"background\":\"#000000\"},\"border\":{\"radius\":0}}} -->\n<div class=\"wp-block-button has-custom-width wp-block-button__width-100\"><a class=\"wp-block-button__link has-white-color has-text-color has-background no-border-radius\" style=\"background-color:#000000\">$110 / year</a></div>\n<!-- /wp:button --></div>\n<!-- /wp:buttons --></div>\n<!-- /wp:column -->\n\n<!-- wp:column {\"style\":{\"color\":{\"background\":\"#d1d1e1\",\"text\":\"#000000\"},\"elements\":{\"link\":{\"color\":{\"text\":\"#000000\"}}},\"spacing\":{\"padding\":{\"top\":\"2em\",\"right\":\"2em\",\"bottom\":\"2em\",\"left\":\"2em\"}}}} -->\n<div class=\"wp-block-column has-text-color has-background has-link-color\" style=\"background-color:#d1d1e1;color:#000000;padding-top:2em;padding-right:2em;padding-bottom:2em;padding-left:2em\"><!-- wp:heading {\"style\":{\"typography\":{\"fontSize\":\"40px\"}}} -->\n<h2 id=\"family\" style=\"font-size:40px\"><strong>Family</strong></h2>\n<!-- /wp:heading -->\n\n<!-- wp:paragraph {\"style\":{\"typography\":{\"lineHeight\":\"1.5\"}},\"fontSize\":\"normal\"} -->\n<p class=\"has-normal-font-size\" style=\"line-height:1.5\"><strong>Support special exhibitions.</strong></p>\n<!-- /wp:paragraph -->\n\n<!-- wp:separator {\"className\":\"is-style-wide\"} -->\n<hr class=\"wp-block-separator is-style-wide\" />\n<!-- /wp:separator -->\n\n<!-- wp:list {\"fontSize\":\"normal\"} -->\n<ul class=\"has-normal-font-size\"><li>General admission and member discounts for two adults</li><li>Four free tickets per special exhibition</li><li>Four single-use guest passes per year</li></ul>\n<!-- /wp:list -->\n\n<!-- wp:buttons {\"align\":\"full\",\"layout\":{\"type\":\"flex\",\"justifyContent\":\"center\",\"orientation\":\"horizontal\"}} -->\n<div class=\"wp-block-buttons alignfull\"><!-- wp:button {\"textColor\":\"white\",\"width\":100,\"style\":{\"color\":{\"background\":\"#000000\"},\"border\":{\"radius\":0}},\"className\":\"is-style-fill\"} -->\n<div class=\"wp-block-button has-custom-width wp-block-button__width-100 is-style-fill\"><a class=\"wp-block-button__link has-white-color has-text-color has-background no-border-radius\" style=\"background-color:#000000\">$200 / year</a></div>\n<!-- /wp:button --></div>\n<!-- /wp:buttons --></div>\n<!-- /wp:column -->\n\n<!-- wp:column {\"style\":{\"color\":{\"background\":\"#c0ebf1\",\"text\":\"#000000\"},\"elements\":{\"link\":{\"color\":{\"text\":\"#000000\"}}},\"spacing\":{\"padding\":{\"top\":\"2em\",\"right\":\"2em\",\"bottom\":\"2em\",\"left\":\"2em\"}}}} -->\n<div class=\"wp-block-column has-text-color has-background has-link-color\" style=\"background-color:#c0ebf1;color:#000000;padding-top:2em;padding-right:2em;padding-bottom:2em;padding-left:2em\"><!-- wp:heading {\"style\":{\"typography\":{\"fontSize\":\"40px\"}}} -->\n<h2 id=\"patron\" style=\"font-size:40px\"><strong>Patron</strong></h2>\n<!-- /wp:heading -->\n\n<!-- wp:paragraph {\"fontSize\":\"normal\"} -->\n<p class=\"has-normal-font-size\"><strong>Take support to the next level.</strong></p>\n<!-- /wp:paragraph -->\n\n<!-- wp:separator {\"className\":\"is-style-wide\"} -->\n<hr class=\"wp-block-separator is-style-wide\" />\n<!-- /wp:separator -->\n\n<!-- wp:list {\"fontSize\":\"normal\"} -->\n<ul class=\"has-normal-font-size\"><li>General admission and member discounts for two adults</li><li>Five free tickets per special exhibition</li><li>Six single-use guest passes per year</li></ul>\n<!-- /wp:list -->\n\n<!-- wp:buttons {\"align\":\"full\",\"layout\":{\"type\":\"flex\",\"justifyContent\":\"center\",\"orientation\":\"horizontal\"}} -->\n<div class=\"wp-block-buttons alignfull\"><!-- wp:button {\"textColor\":\"white\",\"width\":100,\"style\":{\"color\":{\"background\":\"#000000\"},\"border\":{\"radius\":0}}} -->\n<div class=\"wp-block-button has-custom-width wp-block-button__width-100\"><a class=\"wp-block-button__link has-white-color has-text-color has-background no-border-radius\" style=\"background-color:#000000\">$400 / year</a></div>\n<!-- /wp:button --></div>\n<!-- /wp:buttons --></div>\n<!-- /wp:column --></div>\n<!-- /wp:columns -->\";}i:11;O:8:\"stdClass\":7:{s:2:\"id\";i:732;s:5:\"title\";O:8:\"stdClass\":1:{s:8:\"rendered\";s:21:\"Simple call to action\";}s:7:\"content\";O:8:\"stdClass\":2:{s:8:\"rendered\";s:883:\"\n<div class=\"is-layout-flow wp-block-group alignfull has-text-color has-background\" style=\"background-color:#ffffff;color:#000000\">\n<div style=\"height:64px\" aria-hidden=\"true\" class=\"wp-block-spacer\"></div>\n\n\n\n<p class=\"has-text-align-center has-small-font-size\" style=\"line-height:.9\"><strong>GET IN TOUCH</strong></p>\n\n\n\n<h2 class=\"has-text-align-center\" id=\"schedule-a-visit\" style=\"font-size:59px;line-height:1.15\"><strong>Schedule a Visit</strong></h2>\n\n\n\n<div class=\"is-horizontal is-content-justification-center is-layout-flex wp-container-42 wp-block-buttons\">\n<div class=\"wp-block-button has-custom-width wp-block-button__width-50\"><a class=\"wp-block-button__link has-text-color has-background\" style=\"border-radius:50px;background-color:#000000;color:#ffffff\">Contact us</a></div>\n</div>\n\n\n\n<div style=\"height:64px\" aria-hidden=\"true\" class=\"wp-block-spacer\"></div>\n</div>\n\";s:9:\"protected\";b:0;}s:4:\"meta\";O:8:\"stdClass\":6:{s:10:\"spay_email\";s:0:\"\";s:13:\"wpop_keywords\";s:0:\"\";s:16:\"wpop_description\";s:89:\"A container with a white background. Inside is a centered paragraph, heading, and button.\";s:19:\"wpop_viewport_width\";i:800;s:16:\"wpop_block_types\";a:0:{}s:11:\"wpop_locale\";s:5:\"en_US\";}s:14:\"category_slugs\";a:2:{i:0;s:7:\"buttons\";i:1;s:8:\"featured\";}s:13:\"keyword_slugs\";a:0:{}s:15:\"pattern_content\";s:1506:\"<!-- wp:group {\"align\":\"full\",\"style\":{\"color\":{\"text\":\"#000000\",\"background\":\"#ffffff\"}}} -->\n<div class=\"wp-block-group alignfull has-text-color has-background\" style=\"background-color:#ffffff;color:#000000\"><!-- wp:spacer {\"height\":64} -->\n<div style=\"height:64px\" aria-hidden=\"true\" class=\"wp-block-spacer\"></div>\n<!-- /wp:spacer -->\n\n<!-- wp:paragraph {\"align\":\"center\",\"style\":{\"typography\":{\"lineHeight\":\".9\"}},\"fontSize\":\"small\"} -->\n<p class=\"has-text-align-center has-small-font-size\" style=\"line-height:.9\"><strong>GET IN TOUCH</strong></p>\n<!-- /wp:paragraph -->\n\n<!-- wp:heading {\"textAlign\":\"center\",\"style\":{\"typography\":{\"fontSize\":59,\"lineHeight\":\"1.15\"}}} -->\n<h2 class=\"has-text-align-center\" id=\"schedule-a-visit\" style=\"font-size:59px;line-height:1.15\"><strong>Schedule a Visit</strong></h2>\n<!-- /wp:heading -->\n\n<!-- wp:buttons {\"layout\":{\"type\":\"flex\",\"justifyContent\":\"center\",\"orientation\":\"horizontal\"}} -->\n<div class=\"wp-block-buttons\"><!-- wp:button {\"width\":50,\"style\":{\"color\":{\"background\":\"#000000\",\"text\":\"#ffffff\"},\"border\":{\"radius\":\"50px\"}}} -->\n<div class=\"wp-block-button has-custom-width wp-block-button__width-50\"><a class=\"wp-block-button__link has-text-color has-background\" style=\"border-radius:50px;background-color:#000000;color:#ffffff\">Contact us</a></div>\n<!-- /wp:button --></div>\n<!-- /wp:buttons -->\n\n<!-- wp:spacer {\"height\":64} -->\n<div style=\"height:64px\" aria-hidden=\"true\" class=\"wp-block-spacer\"></div>\n<!-- /wp:spacer --></div>\n<!-- /wp:group -->\";}i:12;O:8:\"stdClass\":7:{s:2:\"id\";i:200;s:5:\"title\";O:8:\"stdClass\":1:{s:8:\"rendered\";s:21:\"Three columns of text\";}s:7:\"content\";O:8:\"stdClass\":2:{s:8:\"rendered\";s:877:\"\n<div class=\"is-layout-flex wp-container-47 wp-block-columns alignfull has-text-color has-background\" style=\"background-color:#ffffff;color:#000000\">\n<div class=\"is-layout-flow wp-block-column\">\n<h3 style=\"font-size:24px;line-height:1.3\"><strong><a href=\"http://wordpress.org\">Virtual Tour ↗</a></strong></h3>\n\n\n\n<p>Get a virtual tour of the museum. Ideal for schools and events.</p>\n</div>\n\n\n\n<div class=\"is-layout-flow wp-block-column\">\n<h3 style=\"font-size:24px;line-height:1.3\"><strong><a href=\"https://wordpress.org\">Current Shows ↗</a></strong></h3>\n\n\n\n<p>Stay updated and see our current exhibitions here.</p>\n</div>\n\n\n\n<div class=\"is-layout-flow wp-block-column\">\n<h3 style=\"font-size:24px;line-height:1.3\"><strong><a href=\"https://wordpress.org\">Useful Info ↗</a></strong></h3>\n\n\n\n<p>Get to know our opening times, ticket prices and discounts.</p>\n</div>\n</div>\n\";s:9:\"protected\";b:0;}s:4:\"meta\";O:8:\"stdClass\":6:{s:10:\"spay_email\";s:0:\"\";s:13:\"wpop_keywords\";s:0:\"\";s:16:\"wpop_description\";s:22:\"Three columns of text.\";s:19:\"wpop_viewport_width\";i:1200;s:16:\"wpop_block_types\";a:0:{}s:11:\"wpop_locale\";s:5:\"en_US\";}s:14:\"category_slugs\";a:3:{i:0;s:7:\"columns\";i:1;s:8:\"featured\";i:2;s:4:\"text\";}s:13:\"keyword_slugs\";a:1:{i:0;s:4:\"core\";}s:15:\"pattern_content\";s:1496:\"<!-- wp:columns {\"align\":\"full\",\"style\":{\"color\":{\"text\":\"#000000\",\"background\":\"#ffffff\"}}} -->\n<div class=\"wp-block-columns alignfull has-text-color has-background\" style=\"background-color:#ffffff;color:#000000\"><!-- wp:column -->\n<div class=\"wp-block-column\"><!-- wp:heading {\"level\":3,\"style\":{\"typography\":{\"fontSize\":\"24px\",\"lineHeight\":\"1.3\"}}} -->\n<h3 style=\"font-size:24px;line-height:1.3\"><strong><a href=\"http://wordpress.org\">Virtual Tour ↗</a></strong></h3>\n<!-- /wp:heading -->\n\n<!-- wp:paragraph -->\n<p>Get a virtual tour of the museum. Ideal for schools and events.</p>\n<!-- /wp:paragraph --></div>\n<!-- /wp:column -->\n\n<!-- wp:column -->\n<div class=\"wp-block-column\"><!-- wp:heading {\"level\":3,\"style\":{\"typography\":{\"fontSize\":\"24px\",\"lineHeight\":\"1.3\"}}} -->\n<h3 style=\"font-size:24px;line-height:1.3\"><strong><a href=\"https://wordpress.org\">Current Shows ↗</a></strong></h3>\n<!-- /wp:heading -->\n\n<!-- wp:paragraph -->\n<p>Stay updated and see our current exhibitions here.</p>\n<!-- /wp:paragraph --></div>\n<!-- /wp:column -->\n\n<!-- wp:column -->\n<div class=\"wp-block-column\"><!-- wp:heading {\"level\":3,\"style\":{\"typography\":{\"fontSize\":\"24px\",\"lineHeight\":\"1.3\"}}} -->\n<h3 style=\"font-size:24px;line-height:1.3\"><strong><a href=\"https://wordpress.org\">Useful Info ↗</a></strong></h3>\n<!-- /wp:heading -->\n\n<!-- wp:paragraph -->\n<p>Get to know our opening times, ticket prices and discounts.</p>\n<!-- /wp:paragraph --></div>\n<!-- /wp:column --></div>\n<!-- /wp:columns -->\";}i:13;O:8:\"stdClass\":7:{s:2:\"id\";i:199;s:5:\"title\";O:8:\"stdClass\":1:{s:8:\"rendered\";s:34:\"Three columns with images and text\";}s:7:\"content\";O:8:\"stdClass\":2:{s:8:\"rendered\";s:2823:\"\n<div class=\"is-layout-flow wp-block-group alignfull has-background\" style=\"background-color:#f8f4e4\">\n<div class=\"is-layout-flex wp-container-49 wp-block-columns alignwide\">\n<div class=\"is-layout-flow wp-block-column\">\n<div style=\"height:100px\" aria-hidden=\"true\" class=\"wp-block-spacer\"></div>\n\n\n\n<h6 class=\"has-text-color\" id=\"ecosystem\" style=\"color:#000000\">ECOSYSTEM</h6>\n\n\n\n<p class=\"has-text-color\" style=\"color:#000000;font-size:5vw;line-height:1.1\"><strong>Positive growth.</strong></p>\n\n\n\n<div style=\"height:5px\" aria-hidden=\"true\" class=\"wp-block-spacer\"></div>\n</div>\n</div>\n\n\n\n<div class=\"is-layout-flex wp-container-53 wp-block-columns alignwide\">\n<div class=\"is-layout-flow wp-block-column\" style=\"flex-basis:33.38%\">\n<p class=\"has-text-color has-extra-small-font-size\" style=\"color:#000000\"><em>Nature</em>, in the common sense, refers to essences unchanged by man; space, the air, the river, the leaf.&nbsp;<em>Art</em>&nbsp;is applied to the mixture of his will with the same things, as in a house, a canal, a statue, a picture. But his operations taken together are so insignificant, a little chipping, baking, patching, and washing, that in an impression so grand as that of the world on the human mind, they do not vary the result.</p>\n</div>\n\n\n\n<div class=\"is-layout-flow wp-block-column\" style=\"flex-basis:33%\">\n<div style=\"height:100px\" aria-hidden=\"true\" class=\"wp-block-spacer\"></div>\n\n\n\n<figure class=\"wp-block-image size-large\"><img decoding=\"async\" src=\"https://s.w.org/images/core/5.8/outside-01.jpg\" alt=\"The sun setting through a dense forest.\" /></figure>\n</div>\n\n\n\n<div class=\"is-layout-flow wp-block-column\" style=\"flex-basis:33.62%\">\n<figure class=\"wp-block-image size-large\"><img decoding=\"async\" src=\"https://s.w.org/images/core/5.8/outside-02.jpg\" alt=\"Wind turbines standing on a grassy plain, against a blue sky.\" /></figure>\n</div>\n</div>\n\n\n\n<div class=\"is-layout-flex wp-container-56 wp-block-columns alignwide\">\n<div class=\"is-layout-flow wp-block-column\" style=\"flex-basis:67%\">\n<div class=\"wp-block-image\"><figure class=\"alignright size-large\"><img decoding=\"async\" src=\"https://s.w.org/images/core/5.8/outside-03.jpg\" alt=\"The sun shining over a ridge leading down into the shore. In the distance, a car drives down a road.\" /></figure></div>\n</div>\n\n\n\n<div class=\"is-layout-flow wp-block-column is-vertically-aligned-center\" style=\"flex-basis:33%\">\n<p class=\"has-text-color has-extra-small-font-size\" style=\"color:#000000\">Undoubtedly we have no questions to ask which are unanswerable. We must trust the perfection of the creation so far, as to believe that whatever curiosity the order of things has awakened in our minds, the order of things can satisfy. Every man&#8217;s condition is a solution in hieroglyphic to those inquiries he would put.</p>\n</div>\n</div>\n</div>\n\";s:9:\"protected\";b:0;}s:4:\"meta\";O:8:\"stdClass\":6:{s:10:\"spay_email\";s:0:\"\";s:13:\"wpop_keywords\";s:0:\"\";s:16:\"wpop_description\";s:77:\"Three columns with images and text, with vertical spacing for an offset look.\";s:19:\"wpop_viewport_width\";i:1200;s:16:\"wpop_block_types\";a:0:{}s:11:\"wpop_locale\";s:5:\"en_US\";}s:14:\"category_slugs\";a:2:{i:0;s:7:\"columns\";i:1;s:8:\"featured\";}s:13:\"keyword_slugs\";a:1:{i:0;s:4:\"core\";}s:15:\"pattern_content\";s:3990:\"<!-- wp:group {\"align\":\"full\",\"style\":{\"color\":{\"background\":\"#f8f4e4\"}}} -->\n<div class=\"wp-block-group alignfull has-background\" style=\"background-color:#f8f4e4\"><!-- wp:columns {\"align\":\"wide\"} -->\n<div class=\"wp-block-columns alignwide\"><!-- wp:column -->\n<div class=\"wp-block-column\"><!-- wp:spacer -->\n<div style=\"height:100px\" aria-hidden=\"true\" class=\"wp-block-spacer\"></div>\n<!-- /wp:spacer -->\n\n<!-- wp:heading {\"level\":6,\"style\":{\"color\":{\"text\":\"#000000\"}}} -->\n<h6 class=\"has-text-color\" id=\"ecosystem\" style=\"color:#000000\">ECOSYSTEM</h6>\n<!-- /wp:heading -->\n\n<!-- wp:paragraph {\"style\":{\"typography\":{\"lineHeight\":\"1.1\",\"fontSize\":\"5vw\"},\"color\":{\"text\":\"#000000\"}}} -->\n<p class=\"has-text-color\" style=\"color:#000000;font-size:5vw;line-height:1.1\"><strong>Positive growth.</strong></p>\n<!-- /wp:paragraph -->\n\n<!-- wp:spacer {\"height\":\"5px\"} -->\n<div style=\"height:5px\" aria-hidden=\"true\" class=\"wp-block-spacer\"></div>\n<!-- /wp:spacer --></div>\n<!-- /wp:column --></div>\n<!-- /wp:columns -->\n\n<!-- wp:columns {\"align\":\"wide\"} -->\n<div class=\"wp-block-columns alignwide\"><!-- wp:column {\"width\":\"33.38%\"} -->\n<div class=\"wp-block-column\" style=\"flex-basis:33.38%\"><!-- wp:paragraph {\"style\":{\"color\":{\"text\":\"#000000\"}},\"fontSize\":\"extra-small\"} -->\n<p class=\"has-text-color has-extra-small-font-size\" style=\"color:#000000\"><em>Nature</em>, in the common sense, refers to essences unchanged by man; space, the air, the river, the leaf.&nbsp;<em>Art</em>&nbsp;is applied to the mixture of his will with the same things, as in a house, a canal, a statue, a picture. But his operations taken together are so insignificant, a little chipping, baking, patching, and washing, that in an impression so grand as that of the world on the human mind, they do not vary the result.</p>\n<!-- /wp:paragraph --></div>\n<!-- /wp:column -->\n\n<!-- wp:column {\"width\":\"33%\"} -->\n<div class=\"wp-block-column\" style=\"flex-basis:33%\"><!-- wp:spacer -->\n<div style=\"height:100px\" aria-hidden=\"true\" class=\"wp-block-spacer\"></div>\n<!-- /wp:spacer -->\n\n<!-- wp:image {\"sizeSlug\":\"large\",\"linkDestination\":\"none\"} -->\n<figure class=\"wp-block-image size-large\"><img src=\"https://s.w.org/images/core/5.8/outside-01.jpg\" alt=\"The sun setting through a dense forest.\" /></figure>\n<!-- /wp:image --></div>\n<!-- /wp:column -->\n\n<!-- wp:column {\"width\":\"33.62%\"} -->\n<div class=\"wp-block-column\" style=\"flex-basis:33.62%\"><!-- wp:image {\"sizeSlug\":\"large\",\"linkDestination\":\"none\"} -->\n<figure class=\"wp-block-image size-large\"><img src=\"https://s.w.org/images/core/5.8/outside-02.jpg\" alt=\"Wind turbines standing on a grassy plain, against a blue sky.\" /></figure>\n<!-- /wp:image --></div>\n<!-- /wp:column --></div>\n<!-- /wp:columns -->\n\n<!-- wp:columns {\"align\":\"wide\"} -->\n<div class=\"wp-block-columns alignwide\"><!-- wp:column {\"width\":\"67%\"} -->\n<div class=\"wp-block-column\" style=\"flex-basis:67%\"><!-- wp:image {\"align\":\"right\",\"sizeSlug\":\"large\",\"linkDestination\":\"none\"} -->\n<div class=\"wp-block-image\"><figure class=\"alignright size-large\"><img src=\"https://s.w.org/images/core/5.8/outside-03.jpg\" alt=\"The sun shining over a ridge leading down into the shore. In the distance, a car drives down a road.\" /></figure></div>\n<!-- /wp:image --></div>\n<!-- /wp:column -->\n\n<!-- wp:column {\"verticalAlignment\":\"center\",\"width\":\"33%\"} -->\n<div class=\"wp-block-column is-vertically-aligned-center\" style=\"flex-basis:33%\"><!-- wp:paragraph {\"style\":{\"color\":{\"text\":\"#000000\"}},\"fontSize\":\"extra-small\"} -->\n<p class=\"has-text-color has-extra-small-font-size\" style=\"color:#000000\">Undoubtedly we have no questions to ask which are unanswerable. We must trust the perfection of the creation so far, as to believe that whatever curiosity the order of things has awakened in our minds, the order of things can satisfy. Every man\'s condition is a solution in hieroglyphic to those inquiries he would put.</p>\n<!-- /wp:paragraph --></div>\n<!-- /wp:column --></div>\n<!-- /wp:columns --></div>\n<!-- /wp:group -->\";}}', 'no');
INSERT INTO `wp_eporaoptions` (`option_id`, `option_name`, `option_value`, `autoload`) VALUES
(294, 'wp_calendar_block_has_published_posts', '1', 'yes'),
(307, '_transient_timeout_global_styles_epora', '1665752421', 'no'),
(308, '_transient_global_styles_epora', 'body{--wp--preset--color--black: #000000;--wp--preset--color--cyan-bluish-gray: #abb8c3;--wp--preset--color--white: #ffffff;--wp--preset--color--pale-pink: #f78da7;--wp--preset--color--vivid-red: #cf2e2e;--wp--preset--color--luminous-vivid-orange: #ff6900;--wp--preset--color--luminous-vivid-amber: #fcb900;--wp--preset--color--light-green-cyan: #7bdcb5;--wp--preset--color--vivid-green-cyan: #00d084;--wp--preset--color--pale-cyan-blue: #8ed1fc;--wp--preset--color--vivid-cyan-blue: #0693e3;--wp--preset--color--vivid-purple: #9b51e0;--wp--preset--gradient--vivid-cyan-blue-to-vivid-purple: linear-gradient(135deg,rgba(6,147,227,1) 0%,rgb(155,81,224) 100%);--wp--preset--gradient--light-green-cyan-to-vivid-green-cyan: linear-gradient(135deg,rgb(122,220,180) 0%,rgb(0,208,130) 100%);--wp--preset--gradient--luminous-vivid-amber-to-luminous-vivid-orange: linear-gradient(135deg,rgba(252,185,0,1) 0%,rgba(255,105,0,1) 100%);--wp--preset--gradient--luminous-vivid-orange-to-vivid-red: linear-gradient(135deg,rgba(255,105,0,1) 0%,rgb(207,46,46) 100%);--wp--preset--gradient--very-light-gray-to-cyan-bluish-gray: linear-gradient(135deg,rgb(238,238,238) 0%,rgb(169,184,195) 100%);--wp--preset--gradient--cool-to-warm-spectrum: linear-gradient(135deg,rgb(74,234,220) 0%,rgb(151,120,209) 20%,rgb(207,42,186) 40%,rgb(238,44,130) 60%,rgb(251,105,98) 80%,rgb(254,248,76) 100%);--wp--preset--gradient--blush-light-purple: linear-gradient(135deg,rgb(255,206,236) 0%,rgb(152,150,240) 100%);--wp--preset--gradient--blush-bordeaux: linear-gradient(135deg,rgb(254,205,165) 0%,rgb(254,45,45) 50%,rgb(107,0,62) 100%);--wp--preset--gradient--luminous-dusk: linear-gradient(135deg,rgb(255,203,112) 0%,rgb(199,81,192) 50%,rgb(65,88,208) 100%);--wp--preset--gradient--pale-ocean: linear-gradient(135deg,rgb(255,245,203) 0%,rgb(182,227,212) 50%,rgb(51,167,181) 100%);--wp--preset--gradient--electric-grass: linear-gradient(135deg,rgb(202,248,128) 0%,rgb(113,206,126) 100%);--wp--preset--gradient--midnight: linear-gradient(135deg,rgb(2,3,129) 0%,rgb(40,116,252) 100%);--wp--preset--duotone--dark-grayscale: url(\'#wp-duotone-dark-grayscale\');--wp--preset--duotone--grayscale: url(\'#wp-duotone-grayscale\');--wp--preset--duotone--purple-yellow: url(\'#wp-duotone-purple-yellow\');--wp--preset--duotone--blue-red: url(\'#wp-duotone-blue-red\');--wp--preset--duotone--midnight: url(\'#wp-duotone-midnight\');--wp--preset--duotone--magenta-yellow: url(\'#wp-duotone-magenta-yellow\');--wp--preset--duotone--purple-green: url(\'#wp-duotone-purple-green\');--wp--preset--duotone--blue-orange: url(\'#wp-duotone-blue-orange\');--wp--preset--font-size--small: 13px;--wp--preset--font-size--medium: 20px;--wp--preset--font-size--large: 36px;--wp--preset--font-size--x-large: 42px;}.has-black-color{color: var(--wp--preset--color--black) !important;}.has-cyan-bluish-gray-color{color: var(--wp--preset--color--cyan-bluish-gray) !important;}.has-white-color{color: var(--wp--preset--color--white) !important;}.has-pale-pink-color{color: var(--wp--preset--color--pale-pink) !important;}.has-vivid-red-color{color: var(--wp--preset--color--vivid-red) !important;}.has-luminous-vivid-orange-color{color: var(--wp--preset--color--luminous-vivid-orange) !important;}.has-luminous-vivid-amber-color{color: var(--wp--preset--color--luminous-vivid-amber) !important;}.has-light-green-cyan-color{color: var(--wp--preset--color--light-green-cyan) !important;}.has-vivid-green-cyan-color{color: var(--wp--preset--color--vivid-green-cyan) !important;}.has-pale-cyan-blue-color{color: var(--wp--preset--color--pale-cyan-blue) !important;}.has-vivid-cyan-blue-color{color: var(--wp--preset--color--vivid-cyan-blue) !important;}.has-vivid-purple-color{color: var(--wp--preset--color--vivid-purple) !important;}.has-black-background-color{background-color: var(--wp--preset--color--black) !important;}.has-cyan-bluish-gray-background-color{background-color: var(--wp--preset--color--cyan-bluish-gray) !important;}.has-white-background-color{background-color: var(--wp--preset--color--white) !important;}.has-pale-pink-background-color{background-color: var(--wp--preset--color--pale-pink) !important;}.has-vivid-red-background-color{background-color: var(--wp--preset--color--vivid-red) !important;}.has-luminous-vivid-orange-background-color{background-color: var(--wp--preset--color--luminous-vivid-orange) !important;}.has-luminous-vivid-amber-background-color{background-color: var(--wp--preset--color--luminous-vivid-amber) !important;}.has-light-green-cyan-background-color{background-color: var(--wp--preset--color--light-green-cyan) !important;}.has-vivid-green-cyan-background-color{background-color: var(--wp--preset--color--vivid-green-cyan) !important;}.has-pale-cyan-blue-background-color{background-color: var(--wp--preset--color--pale-cyan-blue) !important;}.has-vivid-cyan-blue-background-color{background-color: var(--wp--preset--color--vivid-cyan-blue) !important;}.has-vivid-purple-background-color{background-color: var(--wp--preset--color--vivid-purple) !important;}.has-black-border-color{border-color: var(--wp--preset--color--black) !important;}.has-cyan-bluish-gray-border-color{border-color: var(--wp--preset--color--cyan-bluish-gray) !important;}.has-white-border-color{border-color: var(--wp--preset--color--white) !important;}.has-pale-pink-border-color{border-color: var(--wp--preset--color--pale-pink) !important;}.has-vivid-red-border-color{border-color: var(--wp--preset--color--vivid-red) !important;}.has-luminous-vivid-orange-border-color{border-color: var(--wp--preset--color--luminous-vivid-orange) !important;}.has-luminous-vivid-amber-border-color{border-color: var(--wp--preset--color--luminous-vivid-amber) !important;}.has-light-green-cyan-border-color{border-color: var(--wp--preset--color--light-green-cyan) !important;}.has-vivid-green-cyan-border-color{border-color: var(--wp--preset--color--vivid-green-cyan) !important;}.has-pale-cyan-blue-border-color{border-color: var(--wp--preset--color--pale-cyan-blue) !important;}.has-vivid-cyan-blue-border-color{border-color: var(--wp--preset--color--vivid-cyan-blue) !important;}.has-vivid-purple-border-color{border-color: var(--wp--preset--color--vivid-purple) !important;}.has-vivid-cyan-blue-to-vivid-purple-gradient-background{background: var(--wp--preset--gradient--vivid-cyan-blue-to-vivid-purple) !important;}.has-light-green-cyan-to-vivid-green-cyan-gradient-background{background: var(--wp--preset--gradient--light-green-cyan-to-vivid-green-cyan) !important;}.has-luminous-vivid-amber-to-luminous-vivid-orange-gradient-background{background: var(--wp--preset--gradient--luminous-vivid-amber-to-luminous-vivid-orange) !important;}.has-luminous-vivid-orange-to-vivid-red-gradient-background{background: var(--wp--preset--gradient--luminous-vivid-orange-to-vivid-red) !important;}.has-very-light-gray-to-cyan-bluish-gray-gradient-background{background: var(--wp--preset--gradient--very-light-gray-to-cyan-bluish-gray) !important;}.has-cool-to-warm-spectrum-gradient-background{background: var(--wp--preset--gradient--cool-to-warm-spectrum) !important;}.has-blush-light-purple-gradient-background{background: var(--wp--preset--gradient--blush-light-purple) !important;}.has-blush-bordeaux-gradient-background{background: var(--wp--preset--gradient--blush-bordeaux) !important;}.has-luminous-dusk-gradient-background{background: var(--wp--preset--gradient--luminous-dusk) !important;}.has-pale-ocean-gradient-background{background: var(--wp--preset--gradient--pale-ocean) !important;}.has-electric-grass-gradient-background{background: var(--wp--preset--gradient--electric-grass) !important;}.has-midnight-gradient-background{background: var(--wp--preset--gradient--midnight) !important;}.has-small-font-size{font-size: var(--wp--preset--font-size--small) !important;}.has-medium-font-size{font-size: var(--wp--preset--font-size--medium) !important;}.has-large-font-size{font-size: var(--wp--preset--font-size--large) !important;}.has-x-large-font-size{font-size: var(--wp--preset--font-size--x-large) !important;}', 'no');

-- --------------------------------------------------------

--
-- Table structure for table `wp_eporapostmeta`
--

CREATE TABLE `wp_eporapostmeta` (
  `meta_id` bigint(20) UNSIGNED NOT NULL,
  `post_id` bigint(20) UNSIGNED NOT NULL DEFAULT 0,
  `meta_key` varchar(255) COLLATE utf8mb4_unicode_ci DEFAULT NULL,
  `meta_value` longtext COLLATE utf8mb4_unicode_ci DEFAULT NULL
) ENGINE=InnoDB DEFAULT CHARSET=utf8mb4 COLLATE=utf8mb4_unicode_ci;

--
-- Dumping data for table `wp_eporapostmeta`
--

INSERT INTO `wp_eporapostmeta` (`meta_id`, `post_id`, `meta_key`, `meta_value`) VALUES
(1, 2, '_wp_page_template', 'default'),
(2, 3, '_wp_page_template', 'default'),
(3, 5, '_edit_lock', '1665739643:1'),
(49, 12, '_menu_item_type', 'taxonomy'),
(50, 12, '_menu_item_menu_item_parent', '0'),
(51, 12, '_menu_item_object_id', '6'),
(52, 12, '_menu_item_object', 'category'),
(53, 12, '_menu_item_target', ''),
(54, 12, '_menu_item_classes', 'a:1:{i:0;s:0:\"\";}'),
(55, 12, '_menu_item_xfn', ''),
(56, 12, '_menu_item_url', ''),
(58, 13, '_menu_item_type', 'taxonomy'),
(59, 13, '_menu_item_menu_item_parent', '0'),
(60, 13, '_menu_item_object_id', '5'),
(61, 13, '_menu_item_object', 'category'),
(62, 13, '_menu_item_target', ''),
(63, 13, '_menu_item_classes', 'a:1:{i:0;s:0:\"\";}'),
(64, 13, '_menu_item_xfn', ''),
(65, 13, '_menu_item_url', ''),
(67, 14, '_menu_item_type', 'taxonomy'),
(68, 14, '_menu_item_menu_item_parent', '0'),
(69, 14, '_menu_item_object_id', '1'),
(70, 14, '_menu_item_object', 'category'),
(71, 14, '_menu_item_target', ''),
(72, 14, '_menu_item_classes', 'a:1:{i:0;s:0:\"\";}'),
(73, 14, '_menu_item_xfn', ''),
(74, 14, '_menu_item_url', ''),
(76, 15, '_menu_item_type', 'taxonomy'),
(77, 15, '_menu_item_menu_item_parent', '0'),
(78, 15, '_menu_item_object_id', '4'),
(79, 15, '_menu_item_object', 'category'),
(80, 15, '_menu_item_target', ''),
(81, 15, '_menu_item_classes', 'a:1:{i:0;s:0:\"\";}'),
(82, 15, '_menu_item_xfn', ''),
(83, 15, '_menu_item_url', ''),
(85, 16, '_menu_item_type', 'custom'),
(86, 16, '_menu_item_menu_item_parent', '0'),
(87, 16, '_menu_item_object_id', '16'),
(88, 16, '_menu_item_object', 'custom'),
(89, 16, '_menu_item_target', ''),
(90, 16, '_menu_item_classes', 'a:1:{i:0;s:0:\"\";}'),
(91, 16, '_menu_item_xfn', ''),
(92, 16, '_menu_item_url', 'http://localhost/wordpress_theme_plugin_dev/epora/'),
(94, 17, '_menu_item_type', 'post_type'),
(95, 17, '_menu_item_menu_item_parent', '0'),
(96, 17, '_menu_item_object_id', '2'),
(97, 17, '_menu_item_object', 'page'),
(98, 17, '_menu_item_target', ''),
(99, 17, '_menu_item_classes', 'a:1:{i:0;s:0:\"\";}'),
(100, 17, '_menu_item_xfn', ''),
(101, 17, '_menu_item_url', ''),
(103, 18, '_edit_lock', '1665743387:1'),
(104, 20, '_menu_item_type', 'custom'),
(105, 20, '_menu_item_menu_item_parent', '0'),
(106, 20, '_menu_item_object_id', '20'),
(107, 20, '_menu_item_object', 'custom'),
(108, 20, '_menu_item_target', ''),
(109, 20, '_menu_item_classes', 'a:1:{i:0;s:0:\"\";}'),
(110, 20, '_menu_item_xfn', ''),
(111, 20, '_menu_item_url', '#Search%20Engin'),
(113, 21, '_menu_item_type', 'custom'),
(114, 21, '_menu_item_menu_item_parent', '20'),
(115, 21, '_menu_item_object_id', '21'),
(116, 21, '_menu_item_object', 'custom'),
(117, 21, '_menu_item_target', ''),
(118, 21, '_menu_item_classes', 'a:1:{i:0;s:0:\"\";}'),
(119, 21, '_menu_item_xfn', ''),
(120, 21, '_menu_item_url', 'https://facebok.com'),
(122, 22, '_menu_item_type', 'custom'),
(123, 22, '_menu_item_menu_item_parent', '20'),
(124, 22, '_menu_item_object_id', '22'),
(125, 22, '_menu_item_object', 'custom'),
(126, 22, '_menu_item_target', ''),
(127, 22, '_menu_item_classes', 'a:1:{i:0;s:0:\"\";}'),
(128, 22, '_menu_item_xfn', ''),
(129, 22, '_menu_item_url', 'https://yahoo.com'),
(131, 23, '_menu_item_type', 'post_type'),
(132, 23, '_menu_item_menu_item_parent', '0'),
(133, 23, '_menu_item_object_id', '18'),
(134, 23, '_menu_item_object', 'page'),
(135, 23, '_menu_item_target', ''),
(136, 23, '_menu_item_classes', 'a:1:{i:0;s:0:\"\";}'),
(137, 23, '_menu_item_xfn', ''),
(138, 23, '_menu_item_url', ''),
(140, 24, '_edit_lock', '1665743036:1'),
(141, 26, '_edit_lock', '1665751856:1'),
(142, 27, '_wp_attached_file', '2022/10/course-10.jpg'),
(143, 27, '_wp_attachment_metadata', 'a:6:{s:5:\"width\";i:800;s:6:\"height\";i:475;s:4:\"file\";s:21:\"2022/10/course-10.jpg\";s:8:\"filesize\";i:91865;s:5:\"sizes\";a:3:{s:6:\"medium\";a:5:{s:4:\"file\";s:21:\"course-10-300x178.jpg\";s:5:\"width\";i:300;s:6:\"height\";i:178;s:9:\"mime-type\";s:10:\"image/jpeg\";s:8:\"filesize\";i:16555;}s:9:\"thumbnail\";a:5:{s:4:\"file\";s:21:\"course-10-150x150.jpg\";s:5:\"width\";i:150;s:6:\"height\";i:150;s:9:\"mime-type\";s:10:\"image/jpeg\";s:8:\"filesize\";i:7454;}s:12:\"medium_large\";a:5:{s:4:\"file\";s:21:\"course-10-768x456.jpg\";s:5:\"width\";i:768;s:6:\"height\";i:456;s:9:\"mime-type\";s:10:\"image/jpeg\";s:8:\"filesize\";i:67659;}}s:10:\"image_meta\";a:12:{s:8:\"aperture\";s:1:\"0\";s:6:\"credit\";s:0:\"\";s:6:\"camera\";s:0:\"\";s:7:\"caption\";s:0:\"\";s:17:\"created_timestamp\";s:1:\"0\";s:9:\"copyright\";s:0:\"\";s:12:\"focal_length\";s:1:\"0\";s:3:\"iso\";s:1:\"0\";s:13:\"shutter_speed\";s:1:\"0\";s:5:\"title\";s:0:\"\";s:11:\"orientation\";s:1:\"0\";s:8:\"keywords\";a:0:{}}}'),
(145, 26, '_thumbnail_id', '27'),
(146, 29, '_edit_lock', '1665752105:1'),
(147, 30, '_wp_attached_file', '2022/10/course-3.jpg'),
(148, 30, '_wp_attachment_metadata', 'a:6:{s:5:\"width\";i:800;s:6:\"height\";i:475;s:4:\"file\";s:20:\"2022/10/course-3.jpg\";s:8:\"filesize\";i:61864;s:5:\"sizes\";a:3:{s:6:\"medium\";a:5:{s:4:\"file\";s:20:\"course-3-300x178.jpg\";s:5:\"width\";i:300;s:6:\"height\";i:178;s:9:\"mime-type\";s:10:\"image/jpeg\";s:8:\"filesize\";i:10678;}s:9:\"thumbnail\";a:5:{s:4:\"file\";s:20:\"course-3-150x150.jpg\";s:5:\"width\";i:150;s:6:\"height\";i:150;s:9:\"mime-type\";s:10:\"image/jpeg\";s:8:\"filesize\";i:5597;}s:12:\"medium_large\";a:5:{s:4:\"file\";s:20:\"course-3-768x456.jpg\";s:5:\"width\";i:768;s:6:\"height\";i:456;s:9:\"mime-type\";s:10:\"image/jpeg\";s:8:\"filesize\";i:44671;}}s:10:\"image_meta\";a:12:{s:8:\"aperture\";s:1:\"0\";s:6:\"credit\";s:0:\"\";s:6:\"camera\";s:0:\"\";s:7:\"caption\";s:0:\"\";s:17:\"created_timestamp\";s:1:\"0\";s:9:\"copyright\";s:0:\"\";s:12:\"focal_length\";s:1:\"0\";s:3:\"iso\";s:1:\"0\";s:13:\"shutter_speed\";s:1:\"0\";s:5:\"title\";s:0:\"\";s:11:\"orientation\";s:1:\"0\";s:8:\"keywords\";a:0:{}}}'),
(150, 29, '_thumbnail_id', '30');

-- --------------------------------------------------------

--
-- Table structure for table `wp_eporaposts`
--

CREATE TABLE `wp_eporaposts` (
  `ID` bigint(20) UNSIGNED NOT NULL,
  `post_author` bigint(20) UNSIGNED NOT NULL DEFAULT 0,
  `post_date` datetime NOT NULL DEFAULT '0000-00-00 00:00:00',
  `post_date_gmt` datetime NOT NULL DEFAULT '0000-00-00 00:00:00',
  `post_content` longtext COLLATE utf8mb4_unicode_ci NOT NULL,
  `post_title` text COLLATE utf8mb4_unicode_ci NOT NULL,
  `post_excerpt` text COLLATE utf8mb4_unicode_ci NOT NULL,
  `post_status` varchar(20) COLLATE utf8mb4_unicode_ci NOT NULL DEFAULT 'publish',
  `comment_status` varchar(20) COLLATE utf8mb4_unicode_ci NOT NULL DEFAULT 'open',
  `ping_status` varchar(20) COLLATE utf8mb4_unicode_ci NOT NULL DEFAULT 'open',
  `post_password` varchar(255) COLLATE utf8mb4_unicode_ci NOT NULL DEFAULT '',
  `post_name` varchar(200) COLLATE utf8mb4_unicode_ci NOT NULL DEFAULT '',
  `to_ping` text COLLATE utf8mb4_unicode_ci NOT NULL,
  `pinged` text COLLATE utf8mb4_unicode_ci NOT NULL,
  `post_modified` datetime NOT NULL DEFAULT '0000-00-00 00:00:00',
  `post_modified_gmt` datetime NOT NULL DEFAULT '0000-00-00 00:00:00',
  `post_content_filtered` longtext COLLATE utf8mb4_unicode_ci NOT NULL,
  `post_parent` bigint(20) UNSIGNED NOT NULL DEFAULT 0,
  `guid` varchar(255) COLLATE utf8mb4_unicode_ci NOT NULL DEFAULT '',
  `menu_order` int(11) NOT NULL DEFAULT 0,
  `post_type` varchar(20) COLLATE utf8mb4_unicode_ci NOT NULL DEFAULT 'post',
  `post_mime_type` varchar(100) COLLATE utf8mb4_unicode_ci NOT NULL DEFAULT '',
  `comment_count` bigint(20) NOT NULL DEFAULT 0
) ENGINE=InnoDB DEFAULT CHARSET=utf8mb4 COLLATE=utf8mb4_unicode_ci;

--
-- Dumping data for table `wp_eporaposts`
--

INSERT INTO `wp_eporaposts` (`ID`, `post_author`, `post_date`, `post_date_gmt`, `post_content`, `post_title`, `post_excerpt`, `post_status`, `comment_status`, `ping_status`, `post_password`, `post_name`, `to_ping`, `pinged`, `post_modified`, `post_modified_gmt`, `post_content_filtered`, `post_parent`, `guid`, `menu_order`, `post_type`, `post_mime_type`, `comment_count`) VALUES
(1, 1, '2022-10-13 12:36:39', '2022-10-13 12:36:39', '<!-- wp:paragraph -->\n<p>Welcome to WordPress. This is your first post. Edit or delete it, then start writing!</p>\n<!-- /wp:paragraph -->', 'Hello world!', '', 'publish', 'open', 'open', '', 'hello-world', '', '', '2022-10-13 12:36:39', '2022-10-13 12:36:39', '', 0, 'http://localhost/wordpress_theme_plugin_dev/epora/?p=1', 0, 'post', '', 1),
(2, 1, '2022-10-13 12:36:39', '2022-10-13 12:36:39', '<!-- wp:paragraph -->\n<p>This is an example page. It\'s different from a blog post because it will stay in one place and will show up in your site navigation (in most themes). Most people start with an About page that introduces them to potential site visitors. It might say something like this:</p>\n<!-- /wp:paragraph -->\n\n<!-- wp:quote -->\n<blockquote class=\"wp-block-quote\"><p>Hi there! I\'m a bike messenger by day, aspiring actor by night, and this is my website. I live in Los Angeles, have a great dog named Jack, and I like pi&#241;a coladas. (And gettin\' caught in the rain.)</p></blockquote>\n<!-- /wp:quote -->\n\n<!-- wp:paragraph -->\n<p>...or something like this:</p>\n<!-- /wp:paragraph -->\n\n<!-- wp:quote -->\n<blockquote class=\"wp-block-quote\"><p>The XYZ Doohickey Company was founded in 1971, and has been providing quality doohickeys to the public ever since. Located in Gotham City, XYZ employs over 2,000 people and does all kinds of awesome things for the Gotham community.</p></blockquote>\n<!-- /wp:quote -->\n\n<!-- wp:paragraph -->\n<p>As a new WordPress user, you should go to <a href=\"http://localhost/wordpress_theme_plugin_dev/epora/wp-admin/\">your dashboard</a> to delete this page and create new pages for your content. Have fun!</p>\n<!-- /wp:paragraph -->', 'Sample Page', '', 'publish', 'closed', 'open', '', 'sample-page', '', '', '2022-10-13 12:36:39', '2022-10-13 12:36:39', '', 0, 'http://localhost/wordpress_theme_plugin_dev/epora/?page_id=2', 0, 'page', '', 0),
(3, 1, '2022-10-13 12:36:39', '2022-10-13 12:36:39', '<!-- wp:heading --><h2>Who we are</h2><!-- /wp:heading --><!-- wp:paragraph --><p><strong class=\"privacy-policy-tutorial\">Suggested text: </strong>Our website address is: http://localhost/wordpress_theme_plugin_dev/epora.</p><!-- /wp:paragraph --><!-- wp:heading --><h2>Comments</h2><!-- /wp:heading --><!-- wp:paragraph --><p><strong class=\"privacy-policy-tutorial\">Suggested text: </strong>When visitors leave comments on the site we collect the data shown in the comments form, and also the visitor&#8217;s IP address and browser user agent string to help spam detection.</p><!-- /wp:paragraph --><!-- wp:paragraph --><p>An anonymized string created from your email address (also called a hash) may be provided to the Gravatar service to see if you are using it. The Gravatar service privacy policy is available here: https://automattic.com/privacy/. After approval of your comment, your profile picture is visible to the public in the context of your comment.</p><!-- /wp:paragraph --><!-- wp:heading --><h2>Media</h2><!-- /wp:heading --><!-- wp:paragraph --><p><strong class=\"privacy-policy-tutorial\">Suggested text: </strong>If you upload images to the website, you should avoid uploading images with embedded location data (EXIF GPS) included. Visitors to the website can download and extract any location data from images on the website.</p><!-- /wp:paragraph --><!-- wp:heading --><h2>Cookies</h2><!-- /wp:heading --><!-- wp:paragraph --><p><strong class=\"privacy-policy-tutorial\">Suggested text: </strong>If you leave a comment on our site you may opt-in to saving your name, email address and website in cookies. These are for your convenience so that you do not have to fill in your details again when you leave another comment. These cookies will last for one year.</p><!-- /wp:paragraph --><!-- wp:paragraph --><p>If you visit our login page, we will set a temporary cookie to determine if your browser accepts cookies. This cookie contains no personal data and is discarded when you close your browser.</p><!-- /wp:paragraph --><!-- wp:paragraph --><p>When you log in, we will also set up several cookies to save your login information and your screen display choices. Login cookies last for two days, and screen options cookies last for a year. If you select &quot;Remember Me&quot;, your login will persist for two weeks. If you log out of your account, the login cookies will be removed.</p><!-- /wp:paragraph --><!-- wp:paragraph --><p>If you edit or publish an article, an additional cookie will be saved in your browser. This cookie includes no personal data and simply indicates the post ID of the article you just edited. It expires after 1 day.</p><!-- /wp:paragraph --><!-- wp:heading --><h2>Embedded content from other websites</h2><!-- /wp:heading --><!-- wp:paragraph --><p><strong class=\"privacy-policy-tutorial\">Suggested text: </strong>Articles on this site may include embedded content (e.g. videos, images, articles, etc.). Embedded content from other websites behaves in the exact same way as if the visitor has visited the other website.</p><!-- /wp:paragraph --><!-- wp:paragraph --><p>These websites may collect data about you, use cookies, embed additional third-party tracking, and monitor your interaction with that embedded content, including tracking your interaction with the embedded content if you have an account and are logged in to that website.</p><!-- /wp:paragraph --><!-- wp:heading --><h2>Who we share your data with</h2><!-- /wp:heading --><!-- wp:paragraph --><p><strong class=\"privacy-policy-tutorial\">Suggested text: </strong>If you request a password reset, your IP address will be included in the reset email.</p><!-- /wp:paragraph --><!-- wp:heading --><h2>How long we retain your data</h2><!-- /wp:heading --><!-- wp:paragraph --><p><strong class=\"privacy-policy-tutorial\">Suggested text: </strong>If you leave a comment, the comment and its metadata are retained indefinitely. This is so we can recognize and approve any follow-up comments automatically instead of holding them in a moderation queue.</p><!-- /wp:paragraph --><!-- wp:paragraph --><p>For users that register on our website (if any), we also store the personal information they provide in their user profile. All users can see, edit, or delete their personal information at any time (except they cannot change their username). Website administrators can also see and edit that information.</p><!-- /wp:paragraph --><!-- wp:heading --><h2>What rights you have over your data</h2><!-- /wp:heading --><!-- wp:paragraph --><p><strong class=\"privacy-policy-tutorial\">Suggested text: </strong>If you have an account on this site, or have left comments, you can request to receive an exported file of the personal data we hold about you, including any data you have provided to us. You can also request that we erase any personal data we hold about you. This does not include any data we are obliged to keep for administrative, legal, or security purposes.</p><!-- /wp:paragraph --><!-- wp:heading --><h2>Where your data is sent</h2><!-- /wp:heading --><!-- wp:paragraph --><p><strong class=\"privacy-policy-tutorial\">Suggested text: </strong>Visitor comments may be checked through an automated spam detection service.</p><!-- /wp:paragraph -->', 'Privacy Policy', '', 'draft', 'closed', 'open', '', 'privacy-policy', '', '', '2022-10-13 12:36:39', '2022-10-13 12:36:39', '', 0, 'http://localhost/wordpress_theme_plugin_dev/epora/?page_id=3', 0, 'page', '', 0),
(4, 1, '2022-10-13 12:37:07', '0000-00-00 00:00:00', '', 'Auto Draft', '', 'auto-draft', 'open', 'open', '', '', '', '', '2022-10-13 12:37:07', '0000-00-00 00:00:00', '', 0, 'http://localhost/wordpress_theme_plugin_dev/epora/?p=4', 0, 'post', '', 0),
(5, 1, '2022-10-14 09:26:18', '0000-00-00 00:00:00', '', 'Auto Draft', '', 'auto-draft', 'closed', 'closed', '', '', '', '', '2022-10-14 09:26:18', '0000-00-00 00:00:00', '', 0, 'http://localhost/wordpress_theme_plugin_dev/epora/?page_id=5', 0, 'page', '', 0),
(6, 1, '2022-10-14 09:26:23', '2022-10-14 09:26:23', '{\"version\": 2, \"isGlobalStylesUserThemeJSON\": true }', 'Custom Styles', '', 'publish', 'closed', 'closed', '', 'wp-global-styles-epora', '', '', '2022-10-14 09:26:23', '2022-10-14 09:26:23', '', 0, 'http://localhost/wordpress_theme_plugin_dev/epora/2022/10/14/wp-global-styles-epora/', 0, 'wp_global_styles', '', 0),
(12, 1, '2022-10-14 10:16:36', '2022-10-14 10:16:36', ' ', '', '', 'publish', 'closed', 'closed', '', '12', '', '', '2022-10-14 10:16:36', '2022-10-14 10:16:36', '', 0, 'http://localhost/wordpress_theme_plugin_dev/epora/?p=12', 1, 'nav_menu_item', '', 0),
(13, 1, '2022-10-14 10:16:36', '2022-10-14 10:16:36', ' ', '', '', 'publish', 'closed', 'closed', '', '13', '', '', '2022-10-14 10:16:36', '2022-10-14 10:16:36', '', 0, 'http://localhost/wordpress_theme_plugin_dev/epora/?p=13', 2, 'nav_menu_item', '', 0),
(14, 1, '2022-10-14 10:16:36', '2022-10-14 10:16:36', ' ', '', '', 'publish', 'closed', 'closed', '', '14', '', '', '2022-10-14 10:16:36', '2022-10-14 10:16:36', '', 0, 'http://localhost/wordpress_theme_plugin_dev/epora/?p=14', 3, 'nav_menu_item', '', 0),
(15, 1, '2022-10-14 10:16:36', '2022-10-14 10:16:36', ' ', '', '', 'publish', 'closed', 'closed', '', '15', '', '', '2022-10-14 10:16:36', '2022-10-14 10:16:36', '', 0, 'http://localhost/wordpress_theme_plugin_dev/epora/?p=15', 4, 'nav_menu_item', '', 0),
(16, 1, '2022-10-14 10:22:39', '2022-10-14 10:19:55', '', 'Home', '', 'publish', 'closed', 'closed', '', 'home', '', '', '2022-10-14 10:22:39', '2022-10-14 10:22:39', '', 0, 'http://localhost/wordpress_theme_plugin_dev/epora/?p=16', 1, 'nav_menu_item', '', 0),
(17, 1, '2022-10-14 10:22:39', '2022-10-14 10:19:55', ' ', '', '', 'publish', 'closed', 'closed', '', '17', '', '', '2022-10-14 10:22:39', '2022-10-14 10:22:39', '', 0, 'http://localhost/wordpress_theme_plugin_dev/epora/?p=17', 2, 'nav_menu_item', '', 0),
(18, 1, '2022-10-14 10:21:21', '2022-10-14 10:21:21', '', 'About Us', '', 'publish', 'closed', 'closed', '', 'about-us', '', '', '2022-10-14 10:26:41', '2022-10-14 10:26:41', '', 0, 'http://localhost/wordpress_theme_plugin_dev/epora/?page_id=18', 0, 'page', '', 0),
(19, 1, '2022-10-14 10:21:21', '2022-10-14 10:21:21', '', 'About US', '', 'inherit', 'closed', 'closed', '', '18-revision-v1', '', '', '2022-10-14 10:21:21', '2022-10-14 10:21:21', '', 18, 'http://localhost/wordpress_theme_plugin_dev/epora/?p=19', 0, 'revision', '', 0),
(20, 1, '2022-10-14 10:22:39', '2022-10-14 10:22:39', '', 'Search Engin', '', 'publish', 'closed', 'closed', '', 'search-engin', '', '', '2022-10-14 10:22:39', '2022-10-14 10:22:39', '', 0, 'http://localhost/wordpress_theme_plugin_dev/epora/?p=20', 3, 'nav_menu_item', '', 0),
(21, 1, '2022-10-14 10:22:39', '2022-10-14 10:22:39', '', 'Facebook', '', 'publish', 'closed', 'closed', '', 'facebook', '', '', '2022-10-14 10:22:39', '2022-10-14 10:22:39', '', 0, 'http://localhost/wordpress_theme_plugin_dev/epora/?p=21', 4, 'nav_menu_item', '', 0),
(22, 1, '2022-10-14 10:22:39', '2022-10-14 10:22:39', '', 'Yahoo.com', '', 'publish', 'closed', 'closed', '', 'yahoo-com', '', '', '2022-10-14 10:22:39', '2022-10-14 10:22:39', '', 0, 'http://localhost/wordpress_theme_plugin_dev/epora/?p=22', 5, 'nav_menu_item', '', 0),
(23, 1, '2022-10-14 10:22:39', '2022-10-14 10:22:39', ' ', '', '', 'publish', 'closed', 'closed', '', '23', '', '', '2022-10-14 10:22:39', '2022-10-14 10:22:39', '', 0, 'http://localhost/wordpress_theme_plugin_dev/epora/?p=23', 6, 'nav_menu_item', '', 0),
(24, 1, '2022-10-14 10:26:17', '0000-00-00 00:00:00', '', 'Auto Draft', '', 'auto-draft', 'closed', 'closed', '', '', '', '', '2022-10-14 10:26:17', '0000-00-00 00:00:00', '', 0, 'http://localhost/wordpress_theme_plugin_dev/epora/?page_id=24', 0, 'page', '', 0),
(25, 1, '2022-10-14 10:26:41', '2022-10-14 10:26:41', '', 'About Us', '', 'inherit', 'closed', 'closed', '', '18-revision-v1', '', '', '2022-10-14 10:26:41', '2022-10-14 10:26:41', '', 18, 'http://localhost/wordpress_theme_plugin_dev/epora/?p=25', 0, 'revision', '', 0),
(26, 1, '2022-10-14 12:50:56', '2022-10-14 12:50:56', '<!-- wp:paragraph -->\n<p>roactively initiate corporate vortals via bricks-and-clicks relationships. Dynamically envisioneer cutting-edge paradigms via client-centered relationships. Globally repurpose backward-compatible growth strategies and fully tested e-services. Energistically promote stand-alone models whereas effective solutions. Quickly target low-risk high-yield e-markets via web-enabled networks.</p>\n<!-- /wp:paragraph -->\n\n<!-- wp:paragraph -->\n<p>Synergistically foster 24/7 leadership rather than scalable platforms. Conveniently visualize installed base products before interactive results. Collaboratively restore corporate experiences and open-source applications. Proactively mesh cooperative growth strategies for covalent opportunities. Competently create efficient markets through best-of-breed potentialities.</p>\n<!-- /wp:paragraph -->', 'Complete Web Design from Figma to Webflow', '', 'publish', 'open', 'open', '', 'complete-web-design-from-figma-to-webflow', '', '', '2022-10-14 12:50:56', '2022-10-14 12:50:56', '', 0, 'http://localhost/wordpress_theme_plugin_dev/epora/?p=26', 0, 'post', '', 0),
(27, 1, '2022-10-14 12:46:59', '2022-10-14 12:46:59', '', 'course-10', '', 'inherit', 'open', 'closed', '', 'course-10', '', '', '2022-10-14 12:46:59', '2022-10-14 12:46:59', '', 26, 'http://localhost/wordpress_theme_plugin_dev/epora/wp-content/uploads/2022/10/course-10.jpg', 0, 'attachment', 'image/jpeg', 0),
(28, 1, '2022-10-14 12:50:56', '2022-10-14 12:50:56', '<!-- wp:paragraph -->\n<p>roactively initiate corporate vortals via bricks-and-clicks relationships. Dynamically envisioneer cutting-edge paradigms via client-centered relationships. Globally repurpose backward-compatible growth strategies and fully tested e-services. Energistically promote stand-alone models whereas effective solutions. Quickly target low-risk high-yield e-markets via web-enabled networks.</p>\n<!-- /wp:paragraph -->\n\n<!-- wp:paragraph -->\n<p>Synergistically foster 24/7 leadership rather than scalable platforms. Conveniently visualize installed base products before interactive results. Collaboratively restore corporate experiences and open-source applications. Proactively mesh cooperative growth strategies for covalent opportunities. Competently create efficient markets through best-of-breed potentialities.</p>\n<!-- /wp:paragraph -->', 'Complete Web Design from Figma to Webflow', '', 'inherit', 'closed', 'closed', '', '26-revision-v1', '', '', '2022-10-14 12:50:56', '2022-10-14 12:50:56', '', 26, 'http://localhost/wordpress_theme_plugin_dev/epora/?p=28', 0, 'revision', '', 0),
(29, 1, '2022-10-14 12:51:53', '2022-10-14 12:51:53', '<!-- wp:paragraph -->\n<p>Synergistically foster 24/7 leadership rather than scalable platforms. Conveniently visualize installed base products before interactive results. Collaboratively restore corporate experiences and open-source applications. Proactively mesh cooperative growth strategies for covalent opportunities. Competently create efficient markets through best-of-breed potentialities.</p>\n<!-- /wp:paragraph -->\n\n<!-- wp:paragraph -->\n<p>Proactively initiate corporate vortals via bricks-and-clicks relationships. Dynamically envisioneer cutting-edge paradigms via client-centered relationships. Globally repurpose backward-compatible growth strategies and fully tested e-services. Energistically promote stand-alone models whereas effective solutions. Quickly target low-risk high-yield e-markets via web-enabled networks.</p>\n<!-- /wp:paragraph -->', 'SEO: Structured Data Markup for Web Masters', '', 'publish', 'open', 'open', '', 'seo-structured-data-markup-for-web-masters', '', '', '2022-10-14 12:51:53', '2022-10-14 12:51:53', '', 0, 'http://localhost/wordpress_theme_plugin_dev/epora/?p=29', 0, 'post', '', 0),
(30, 1, '2022-10-14 12:51:40', '2022-10-14 12:51:40', '', 'course-3', '', 'inherit', 'open', 'closed', '', 'course-3', '', '', '2022-10-14 12:51:40', '2022-10-14 12:51:40', '', 29, 'http://localhost/wordpress_theme_plugin_dev/epora/wp-content/uploads/2022/10/course-3.jpg', 0, 'attachment', 'image/jpeg', 0),
(31, 1, '2022-10-14 12:51:53', '2022-10-14 12:51:53', '<!-- wp:paragraph -->\n<p>Synergistically foster 24/7 leadership rather than scalable platforms. Conveniently visualize installed base products before interactive results. Collaboratively restore corporate experiences and open-source applications. Proactively mesh cooperative growth strategies for covalent opportunities. Competently create efficient markets through best-of-breed potentialities.</p>\n<!-- /wp:paragraph -->\n\n<!-- wp:paragraph -->\n<p>Proactively initiate corporate vortals via bricks-and-clicks relationships. Dynamically envisioneer cutting-edge paradigms via client-centered relationships. Globally repurpose backward-compatible growth strategies and fully tested e-services. Energistically promote stand-alone models whereas effective solutions. Quickly target low-risk high-yield e-markets via web-enabled networks.</p>\n<!-- /wp:paragraph -->', 'SEO: Structured Data Markup for Web Masters', '', 'inherit', 'closed', 'closed', '', '29-revision-v1', '', '', '2022-10-14 12:51:53', '2022-10-14 12:51:53', '', 29, 'http://localhost/wordpress_theme_plugin_dev/epora/?p=31', 0, 'revision', '', 0);

-- --------------------------------------------------------

--
-- Table structure for table `wp_eporatermmeta`
--

CREATE TABLE `wp_eporatermmeta` (
  `meta_id` bigint(20) UNSIGNED NOT NULL,
  `term_id` bigint(20) UNSIGNED NOT NULL DEFAULT 0,
  `meta_key` varchar(255) COLLATE utf8mb4_unicode_ci DEFAULT NULL,
  `meta_value` longtext COLLATE utf8mb4_unicode_ci DEFAULT NULL
) ENGINE=InnoDB DEFAULT CHARSET=utf8mb4 COLLATE=utf8mb4_unicode_ci;

-- --------------------------------------------------------

--
-- Table structure for table `wp_eporaterms`
--

CREATE TABLE `wp_eporaterms` (
  `term_id` bigint(20) UNSIGNED NOT NULL,
  `name` varchar(200) COLLATE utf8mb4_unicode_ci NOT NULL DEFAULT '',
  `slug` varchar(200) COLLATE utf8mb4_unicode_ci NOT NULL DEFAULT '',
  `term_group` bigint(10) NOT NULL DEFAULT 0
) ENGINE=InnoDB DEFAULT CHARSET=utf8mb4 COLLATE=utf8mb4_unicode_ci;

--
-- Dumping data for table `wp_eporaterms`
--

INSERT INTO `wp_eporaterms` (`term_id`, `name`, `slug`, `term_group`) VALUES
(1, 'Uncategorized', 'uncategorized', 0),
(2, 'category', 'category', 0),
(3, 'epora', 'epora', 0),
(4, 'Web Development', 'web-development', 0),
(5, 'English Medium', 'english-medium', 0),
(6, 'Bangla Medium', 'bangla-medium', 0),
(7, 'mainmenu', 'mainmenu', 0);

-- --------------------------------------------------------

--
-- Table structure for table `wp_eporaterm_relationships`
--

CREATE TABLE `wp_eporaterm_relationships` (
  `object_id` bigint(20) UNSIGNED NOT NULL DEFAULT 0,
  `term_taxonomy_id` bigint(20) UNSIGNED NOT NULL DEFAULT 0,
  `term_order` int(11) NOT NULL DEFAULT 0
) ENGINE=InnoDB DEFAULT CHARSET=utf8mb4 COLLATE=utf8mb4_unicode_ci;

--
-- Dumping data for table `wp_eporaterm_relationships`
--

INSERT INTO `wp_eporaterm_relationships` (`object_id`, `term_taxonomy_id`, `term_order`) VALUES
(1, 1, 0),
(6, 3, 0),
(12, 2, 0),
(13, 2, 0),
(14, 2, 0),
(15, 2, 0),
(16, 7, 0),
(17, 7, 0),
(20, 7, 0),
(21, 7, 0),
(22, 7, 0),
(23, 7, 0),
(26, 1, 0),
(29, 1, 0);

-- --------------------------------------------------------

--
-- Table structure for table `wp_eporaterm_taxonomy`
--

CREATE TABLE `wp_eporaterm_taxonomy` (
  `term_taxonomy_id` bigint(20) UNSIGNED NOT NULL,
  `term_id` bigint(20) UNSIGNED NOT NULL DEFAULT 0,
  `taxonomy` varchar(32) COLLATE utf8mb4_unicode_ci NOT NULL DEFAULT '',
  `description` longtext COLLATE utf8mb4_unicode_ci NOT NULL,
  `parent` bigint(20) UNSIGNED NOT NULL DEFAULT 0,
  `count` bigint(20) NOT NULL DEFAULT 0
) ENGINE=InnoDB DEFAULT CHARSET=utf8mb4 COLLATE=utf8mb4_unicode_ci;

--
-- Dumping data for table `wp_eporaterm_taxonomy`
--

INSERT INTO `wp_eporaterm_taxonomy` (`term_taxonomy_id`, `term_id`, `taxonomy`, `description`, `parent`, `count`) VALUES
(1, 1, 'category', '', 0, 3),
(2, 2, 'nav_menu', '', 0, 4),
(3, 3, 'wp_theme', '', 0, 1),
(4, 4, 'category', '', 0, 0),
(5, 5, 'category', '', 0, 0),
(6, 6, 'category', '', 0, 0),
(7, 7, 'nav_menu', '', 0, 6);

-- --------------------------------------------------------

--
-- Table structure for table `wp_eporausermeta`
--

CREATE TABLE `wp_eporausermeta` (
  `umeta_id` bigint(20) UNSIGNED NOT NULL,
  `user_id` bigint(20) UNSIGNED NOT NULL DEFAULT 0,
  `meta_key` varchar(255) COLLATE utf8mb4_unicode_ci DEFAULT NULL,
  `meta_value` longtext COLLATE utf8mb4_unicode_ci DEFAULT NULL
) ENGINE=InnoDB DEFAULT CHARSET=utf8mb4 COLLATE=utf8mb4_unicode_ci;

--
-- Dumping data for table `wp_eporausermeta`
--

INSERT INTO `wp_eporausermeta` (`umeta_id`, `user_id`, `meta_key`, `meta_value`) VALUES
(1, 1, 'nickname', 'jannat'),
(2, 1, 'first_name', ''),
(3, 1, 'last_name', ''),
(4, 1, 'description', ''),
(5, 1, 'rich_editing', 'true'),
(6, 1, 'syntax_highlighting', 'true'),
(7, 1, 'comment_shortcuts', 'false'),
(8, 1, 'admin_color', 'fresh'),
(9, 1, 'use_ssl', '0'),
(10, 1, 'show_admin_bar_front', 'true'),
(11, 1, 'locale', ''),
(12, 1, 'wp_eporacapabilities', 'a:1:{s:13:\"administrator\";b:1;}'),
(13, 1, 'wp_eporauser_level', '10'),
(14, 1, 'dismissed_wp_pointers', ''),
(15, 1, 'show_welcome_panel', '1'),
(16, 1, 'session_tokens', 'a:2:{s:64:\"4e1c70230fe3eec51cda5d9e191272d6925abcefafc11ef0266e0ad8f31dcbfd\";a:4:{s:10:\"expiration\";i:1665837425;s:2:\"ip\";s:3:\"::1\";s:2:\"ua\";s:111:\"Mozilla/5.0 (Windows NT 10.0; Win64; x64) AppleWebKit/537.36 (KHTML, like Gecko) Chrome/106.0.0.0 Safari/537.36\";s:5:\"login\";i:1665664625;}s:64:\"72c640e5023d28ff3279af4101f6353fa7566c867f86bb6e14525b1954afcd6e\";a:4:{s:10:\"expiration\";i:1665912062;s:2:\"ip\";s:3:\"::1\";s:2:\"ua\";s:111:\"Mozilla/5.0 (Windows NT 10.0; Win64; x64) AppleWebKit/537.36 (KHTML, like Gecko) Chrome/106.0.0.0 Safari/537.36\";s:5:\"login\";i:1665739262;}}'),
(17, 1, 'wp_eporadashboard_quick_press_last_post_id', '4'),
(18, 1, 'managenav-menuscolumnshidden', 'a:5:{i:0;s:11:\"link-target\";i:1;s:11:\"css-classes\";i:2;s:3:\"xfn\";i:3;s:11:\"description\";i:4;s:15:\"title-attribute\";}'),
(19, 1, 'metaboxhidden_nav-menus', 'a:1:{i:0;s:12:\"add-post_tag\";}'),
(20, 1, 'nav_menu_recently_edited', '7'),
(21, 1, 'wp_eporauser-settings', 'libraryContent=browse'),
(22, 1, 'wp_eporauser-settings-time', '1665751853');

-- --------------------------------------------------------

--
-- Table structure for table `wp_eporausers`
--

CREATE TABLE `wp_eporausers` (
  `ID` bigint(20) UNSIGNED NOT NULL,
  `user_login` varchar(60) COLLATE utf8mb4_unicode_ci NOT NULL DEFAULT '',
  `user_pass` varchar(255) COLLATE utf8mb4_unicode_ci NOT NULL DEFAULT '',
  `user_nicename` varchar(50) COLLATE utf8mb4_unicode_ci NOT NULL DEFAULT '',
  `user_email` varchar(100) COLLATE utf8mb4_unicode_ci NOT NULL DEFAULT '',
  `user_url` varchar(100) COLLATE utf8mb4_unicode_ci NOT NULL DEFAULT '',
  `user_registered` datetime NOT NULL DEFAULT '0000-00-00 00:00:00',
  `user_activation_key` varchar(255) COLLATE utf8mb4_unicode_ci NOT NULL DEFAULT '',
  `user_status` int(11) NOT NULL DEFAULT 0,
  `display_name` varchar(250) COLLATE utf8mb4_unicode_ci NOT NULL DEFAULT ''
) ENGINE=InnoDB DEFAULT CHARSET=utf8mb4 COLLATE=utf8mb4_unicode_ci;

--
-- Dumping data for table `wp_eporausers`
--

INSERT INTO `wp_eporausers` (`ID`, `user_login`, `user_pass`, `user_nicename`, `user_email`, `user_url`, `user_registered`, `user_activation_key`, `user_status`, `display_name`) VALUES
(1, 'jannat', '$P$B.kdVcjBKxgM6YxkeoQMaYTqFcSl4P.', 'jannat', 'jannatflowersweb@gmail.com', 'http://localhost/wordpress_theme_plugin_dev/epora', '2022-10-13 12:36:39', '', 0, 'jannat');

--
-- Indexes for dumped tables
--

--
-- Indexes for table `wp_eporacommentmeta`
--
ALTER TABLE `wp_eporacommentmeta`
  ADD PRIMARY KEY (`meta_id`),
  ADD KEY `comment_id` (`comment_id`),
  ADD KEY `meta_key` (`meta_key`(191));

--
-- Indexes for table `wp_eporacomments`
--
ALTER TABLE `wp_eporacomments`
  ADD PRIMARY KEY (`comment_ID`),
  ADD KEY `comment_post_ID` (`comment_post_ID`),
  ADD KEY `comment_approved_date_gmt` (`comment_approved`,`comment_date_gmt`),
  ADD KEY `comment_date_gmt` (`comment_date_gmt`),
  ADD KEY `comment_parent` (`comment_parent`),
  ADD KEY `comment_author_email` (`comment_author_email`(10));

--
-- Indexes for table `wp_eporalinks`
--
ALTER TABLE `wp_eporalinks`
  ADD PRIMARY KEY (`link_id`),
  ADD KEY `link_visible` (`link_visible`);

--
-- Indexes for table `wp_eporaoptions`
--
ALTER TABLE `wp_eporaoptions`
  ADD PRIMARY KEY (`option_id`),
  ADD UNIQUE KEY `option_name` (`option_name`),
  ADD KEY `autoload` (`autoload`);

--
-- Indexes for table `wp_eporapostmeta`
--
ALTER TABLE `wp_eporapostmeta`
  ADD PRIMARY KEY (`meta_id`),
  ADD KEY `post_id` (`post_id`),
  ADD KEY `meta_key` (`meta_key`(191));

--
-- Indexes for table `wp_eporaposts`
--
ALTER TABLE `wp_eporaposts`
  ADD PRIMARY KEY (`ID`),
  ADD KEY `post_name` (`post_name`(191)),
  ADD KEY `type_status_date` (`post_type`,`post_status`,`post_date`,`ID`),
  ADD KEY `post_parent` (`post_parent`),
  ADD KEY `post_author` (`post_author`);

--
-- Indexes for table `wp_eporatermmeta`
--
ALTER TABLE `wp_eporatermmeta`
  ADD PRIMARY KEY (`meta_id`),
  ADD KEY `term_id` (`term_id`),
  ADD KEY `meta_key` (`meta_key`(191));

--
-- Indexes for table `wp_eporaterms`
--
ALTER TABLE `wp_eporaterms`
  ADD PRIMARY KEY (`term_id`),
  ADD KEY `slug` (`slug`(191)),
  ADD KEY `name` (`name`(191));

--
-- Indexes for table `wp_eporaterm_relationships`
--
ALTER TABLE `wp_eporaterm_relationships`
  ADD PRIMARY KEY (`object_id`,`term_taxonomy_id`),
  ADD KEY `term_taxonomy_id` (`term_taxonomy_id`);

--
-- Indexes for table `wp_eporaterm_taxonomy`
--
ALTER TABLE `wp_eporaterm_taxonomy`
  ADD PRIMARY KEY (`term_taxonomy_id`),
  ADD UNIQUE KEY `term_id_taxonomy` (`term_id`,`taxonomy`),
  ADD KEY `taxonomy` (`taxonomy`);

--
-- Indexes for table `wp_eporausermeta`
--
ALTER TABLE `wp_eporausermeta`
  ADD PRIMARY KEY (`umeta_id`),
  ADD KEY `user_id` (`user_id`),
  ADD KEY `meta_key` (`meta_key`(191));

--
-- Indexes for table `wp_eporausers`
--
ALTER TABLE `wp_eporausers`
  ADD PRIMARY KEY (`ID`),
  ADD KEY `user_login_key` (`user_login`),
  ADD KEY `user_nicename` (`user_nicename`),
  ADD KEY `user_email` (`user_email`);

--
-- AUTO_INCREMENT for dumped tables
--

--
-- AUTO_INCREMENT for table `wp_eporacommentmeta`
--
ALTER TABLE `wp_eporacommentmeta`
  MODIFY `meta_id` bigint(20) UNSIGNED NOT NULL AUTO_INCREMENT;

--
-- AUTO_INCREMENT for table `wp_eporacomments`
--
ALTER TABLE `wp_eporacomments`
  MODIFY `comment_ID` bigint(20) UNSIGNED NOT NULL AUTO_INCREMENT, AUTO_INCREMENT=2;

--
-- AUTO_INCREMENT for table `wp_eporalinks`
--
ALTER TABLE `wp_eporalinks`
  MODIFY `link_id` bigint(20) UNSIGNED NOT NULL AUTO_INCREMENT;

--
-- AUTO_INCREMENT for table `wp_eporaoptions`
--
ALTER TABLE `wp_eporaoptions`
  MODIFY `option_id` bigint(20) UNSIGNED NOT NULL AUTO_INCREMENT, AUTO_INCREMENT=309;

--
-- AUTO_INCREMENT for table `wp_eporapostmeta`
--
ALTER TABLE `wp_eporapostmeta`
  MODIFY `meta_id` bigint(20) UNSIGNED NOT NULL AUTO_INCREMENT, AUTO_INCREMENT=151;

--
-- AUTO_INCREMENT for table `wp_eporaposts`
--
ALTER TABLE `wp_eporaposts`
  MODIFY `ID` bigint(20) UNSIGNED NOT NULL AUTO_INCREMENT, AUTO_INCREMENT=32;

--
-- AUTO_INCREMENT for table `wp_eporatermmeta`
--
ALTER TABLE `wp_eporatermmeta`
  MODIFY `meta_id` bigint(20) UNSIGNED NOT NULL AUTO_INCREMENT;

--
-- AUTO_INCREMENT for table `wp_eporaterms`
--
ALTER TABLE `wp_eporaterms`
  MODIFY `term_id` bigint(20) UNSIGNED NOT NULL AUTO_INCREMENT, AUTO_INCREMENT=8;

--
-- AUTO_INCREMENT for table `wp_eporaterm_taxonomy`
--
ALTER TABLE `wp_eporaterm_taxonomy`
  MODIFY `term_taxonomy_id` bigint(20) UNSIGNED NOT NULL AUTO_INCREMENT, AUTO_INCREMENT=8;

--
-- AUTO_INCREMENT for table `wp_eporausermeta`
--
ALTER TABLE `wp_eporausermeta`
  MODIFY `umeta_id` bigint(20) UNSIGNED NOT NULL AUTO_INCREMENT, AUTO_INCREMENT=23;

--
-- AUTO_INCREMENT for table `wp_eporausers`
--
ALTER TABLE `wp_eporausers`
  MODIFY `ID` bigint(20) UNSIGNED NOT NULL AUTO_INCREMENT, AUTO_INCREMENT=2;
COMMIT;

/*!40101 SET CHARACTER_SET_CLIENT=@OLD_CHARACTER_SET_CLIENT */;
/*!40101 SET CHARACTER_SET_RESULTS=@OLD_CHARACTER_SET_RESULTS */;
/*!40101 SET COLLATION_CONNECTION=@OLD_COLLATION_CONNECTION */;
